,strike,open_IVol,option_type,root,root price,ER Date,Expiry,fee,daysout,OTM,ARR,PctOTM,POW,PctFee,BidAskSpread
0,60.0,57,call,PB,61.58,,2023-04-21,4.35,18,-1.5799999999999983,142,-2.5657681065280906,41,7.063981812276713,29.787234042553198
1,65.0,54,call,PB,61.58,,2023-04-21,2.1125,18,3.4200000000000017,69,5.553751217927902,67,3.4304969145826565,68.62745098039215
2,70.0,50,call,PB,61.58,,2023-04-21,0.6500000000000001,18,8.420000000000002,21,13.673270542383895,87,1.0555375121792792,75.0
3,75.0,57,call,PB,61.58,,2023-04-21,0.375,18,13.420000000000002,12,21.792789866839886,93,0.6089639493341994,100.0
4,75.0,47,call,PB,61.58,,2023-05-19,0.5249999999999999,46,13.420000000000002,6,21.792789866839886,87,0.8525495290678791,100.0
5,60.0,140,call,PB,61.58,,2023-06-16,16.924999999999997,74,-1.5799999999999983,135,-2.5657681065280906,48,27.484572913283532,21.7877094972067
6,70.0,47,call,PB,61.58,,2023-06-16,1.9875000000000003,74,8.420000000000002,15,13.673270542383895,72,3.2275089314712573,61.70212765957448
7,75.0,50,call,PB,61.58,,2023-06-16,2.3375,74,13.420000000000002,18,21.792789866839886,80,3.7958752841831767,88.33333333333333
8,80.0,48,call,PB,61.58,,2023-06-16,0.65,74,18.42,5,29.91230919129588,88,1.055537512179279,94.11764705882354
9,85.0,71,call,PB,61.58,,2023-06-16,2.925,74,23.42,23,38.03182851575187,84,4.7499188048067555,100.0
10,90.0,82,call,PB,61.58,,2023-06-16,3.375,74,28.42,27,46.15134784020786,84,5.480675544007795,100.0
11,60.0,50,call,PB,61.58,,2023-09-15,8.075,165,-1.5799999999999983,28,-2.5657681065280906,46,13.113023708996426,41.111111111111114
12,65.0,47,call,PB,61.58,,2023-09-15,5.675,165,3.4200000000000017,20,5.553751217927902,56,9.215654433257551,50.76923076923077
13,70.0,46,call,PB,61.58,,2023-09-15,3.8625000000000003,165,8.420000000000002,13,13.673270542383895,65,6.272328678142254,71.27659574468085
14,75.0,50,call,PB,61.58,,2023-09-15,4.9875,165,13.420000000000002,17,21.792789866839886,71,8.099220526144853,67.5
15,80.0,63,call,PB,61.58,,2023-09-15,3.8375,165,18.42,13,29.91230919129588,72,6.231731081519974,86.73469387755101
16,90.0,50,call,PB,61.58,,2023-09-15,1.275,165,28.42,4,46.15134784020786,86,2.070477427736278,100.0
46,80.0,149,call,MTB,119.69,,2023-04-21,40.5,18,-39.69,682,-33.160665051382736,11,33.837413317737486,9.63855421686747
47,100.0,77,call,MTB,119.69,,2023-04-21,21.475,18,-19.689999999999998,362,-16.45083131422842,14,17.942183975269447,5.96330275229358
48,105.0,68,call,MTB,119.69,,2023-04-21,16.724999999999998,18,-14.689999999999998,281,-12.273372879939842,19,13.973598462695294,4.142011834319523
49,110.0,63,call,MTB,119.69,,2023-04-21,12.75,18,-9.689999999999998,214,-8.095914445651264,27,10.652519007435876,7.6923076923076925
50,115.0,57,call,MTB,119.69,,2023-04-21,8.8,18,-4.689999999999998,148,-3.918456011362685,37,7.3523268443479,4.494382022471914
51,120.0,54,call,MTB,119.69,,2023-04-21,5.800000000000001,18,0.3100000000000023,97,0.2590024229258938,50,4.845851783774752,6.7796610169491585
52,125.0,50,call,MTB,119.69,,2023-04-21,3.425,18,5.310000000000002,57,4.436460857214473,64,2.8615590274876768,8.571428571428566
53,130.0,50,call,MTB,119.69,,2023-04-21,1.875,18,10.310000000000002,31,8.613919291503052,76,1.566546912858217,15.384615384615387
54,135.0,51,call,MTB,119.69,,2023-04-21,1.0374999999999999,18,15.310000000000002,17,12.79137772579163,85,0.86682262511488,39.130434782608695
55,140.0,48,call,MTB,119.69,,2023-04-21,0.45,18,20.310000000000002,7,16.96883616008021,92,0.3759712590859721,40.0
56,145.0,50,call,MTB,119.69,,2023-04-21,0.25,18,25.310000000000002,4,21.146294594368786,95,0.20887292171442895,66.66666666666667
57,150.0,53,call,MTB,119.69,,2023-04-21,0.15000000000000002,18,30.310000000000002,2,25.323753028657364,97,0.1253237530286574,100.0
58,155.0,66,call,MTB,119.69,,2023-04-21,0.5625,18,35.31,9,29.501211462945943,95,0.46996407385746514,100.0
59,160.0,53,call,MTB,119.69,,2023-04-21,0.037500000000000006,18,40.31,0,33.67866989723452,99,0.03133093825716435,100.0
60,165.0,54,call,MTB,119.69,,2023-04-21,0.037500000000000006,18,45.31,0,37.8561283315231,99,0.03133093825716435,100.0
61,170.0,71,call,MTB,119.69,,2023-04-21,0.1875,18,50.31,3,42.033586765811684,98,0.1566546912858217,100.0
62,175.0,76,call,MTB,119.69,,2023-04-21,0.1875,18,55.31,3,46.21104520010026,98,0.1566546912858217,100.0
63,180.0,80,call,MTB,119.69,,2023-04-21,0.1875,18,60.31,3,50.38850363438884,98,0.1566546912858217,100.0
64,185.0,85,call,MTB,119.69,,2023-04-21,0.1875,18,65.31,3,54.565962068677415,98,0.1566546912858217,100.0
65,190.0,105,call,MTB,119.69,,2023-04-21,0.5625,18,70.31,9,58.743420502965996,97,0.46996407385746514,100.0
66,195.0,128,call,MTB,119.69,,2023-04-21,1.2874999999999999,18,75.31,21,62.92087893725458,95,1.075695546829309,97.05882352941177
67,200.0,81,call,MTB,119.69,,2023-04-21,0.037500000000000006,18,80.31,0,67.09833737154315,99,0.03133093825716435,100.0
68,210.0,123,call,MTB,119.69,,2023-04-21,0.5625,18,90.31,9,75.45325424012032,97,0.46996407385746514,100.0
69,220.0,131,call,MTB,119.69,,2023-04-21,0.5625,18,100.31,9,83.80817110869747,98,0.46996407385746514,100.0
70,230.0,166,call,MTB,119.69,,2023-04-21,1.6124999999999998,18,110.31,27,92.16308797727463,96,1.3472303450580665,100.0
71,240.0,50,call,MTB,119.69,,2023-04-21,0.0,18,120.31,0,100.51800484585179,99,0.0,
72,250.0,151,call,MTB,119.69,,2023-04-21,0.5249999999999999,18,130.31,8,108.87292171442894,98,0.4386331356003007,100.0
73,260.0,156,call,MTB,119.69,,2023-04-21,0.48750000000000004,18,140.31,8,117.2278385830061,98,0.4073021973431365,100.0
74,110.0,54,call,MTB,119.69,,2023-05-19,14.775,46,-9.689999999999998,97,-8.095914445651264,33,12.34438967332275,6.000000000000002
75,115.0,50,call,MTB,119.69,,2023-05-19,11.1,46,-4.689999999999998,73,-3.918456011362685,41,9.273957724120645,3.571428571428559
76,120.0,50,call,MTB,119.69,,2023-05-19,8.25,46,0.3100000000000023,54,0.2590024229258938,50,6.892806416576155,7.1428571428571495
77,125.0,47,call,MTB,119.69,,2023-05-19,5.7,46,5.310000000000002,37,4.436460857214473,60,4.76230261508898,6.896551724137922
78,130.0,45,call,MTB,119.69,,2023-05-19,3.8,46,10.310000000000002,25,8.613919291503052,69,3.17486841005932,10.256410256410255
79,135.0,43,call,MTB,119.69,,2023-05-19,2.4,46,15.310000000000002,15,12.79137772579163,78,2.005180048458518,15.999999999999996
80,140.0,44,call,MTB,119.69,,2023-05-19,1.5875,46,20.310000000000002,10,16.96883616008021,83,1.3263430528866238,37.14285714285713
81,145.0,42,call,MTB,119.69,,2023-05-19,0.925,46,25.310000000000002,6,21.146294594368786,89,0.772829810343387,30.000000000000004
82,150.0,41,call,MTB,119.69,,2023-05-19,0.48750000000000004,46,30.310000000000002,3,25.323753028657364,93,0.4073021973431365,45.45454545454546
83,155.0,45,call,MTB,119.69,,2023-05-19,0.4375,46,35.31,2,29.501211462945943,94,0.36552761300025066,81.81818181818183
84,160.0,51,call,MTB,119.69,,2023-05-19,0.46249999999999997,46,40.31,3,33.67866989723452,94,0.3864149051716935,91.66666666666666
85,190.0,67,call,MTB,119.69,,2023-05-19,0.5625,46,70.31,3,58.743420502965996,97,0.46996407385746514,100.0
86,90.0,60,call,MTB,119.69,,2023-06-16,32.875,74,-29.689999999999998,135,-24.80574818280558,14,27.466789205447405,13.235294117647058
87,100.0,55,call,MTB,119.69,,2023-06-16,23.7,74,-19.689999999999998,97,-16.45083131422842,23,19.801152978527863,4.999999999999997
88,105.0,52,call,MTB,119.69,,2023-06-16,19.7,74,-14.689999999999998,81,-12.273372879939842,28,16.459186231097,5.9999999999999964
89,115.0,46,call,MTB,119.69,,2023-06-16,12.3,74,-4.689999999999998,50,-3.918456011362685,42,10.276547748349904,3.225806451612906
90,120.0,44,call,MTB,119.69,,2023-06-16,9.4,74,0.3100000000000023,38,0.2590024229258938,50,7.853621856462528,4.210526315789477
91,125.0,42,call,MTB,119.69,,2023-06-16,6.825,74,5.310000000000002,28,4.436460857214473,58,5.70223076280391,4.347826086956532
92,130.0,41,call,MTB,119.69,,2023-06-16,4.9,74,10.310000000000002,20,8.613919291503052,67,4.093909265602808,8.000000000000007
93,135.0,39,call,MTB,119.69,,2023-06-16,3.275,74,15.310000000000002,13,12.79137772579163,74,2.7362352744590193,14.705882352941178
94,140.0,38,call,MTB,119.69,,2023-06-16,2.1875,74,20.310000000000002,9,16.96883616008021,81,1.8276380650012534,19.565217391304337
95,145.0,40,call,MTB,119.69,,2023-06-16,1.6,74,25.310000000000002,6,21.146294594368786,85,1.3367866989723451,44.44444444444444
96,150.0,38,call,MTB,119.69,,2023-06-16,0.9750000000000001,74,30.310000000000002,4,25.323753028657364,90,0.814604394686273,45.45454545454546
97,155.0,37,call,MTB,119.69,,2023-06-16,0.55,74,35.31,2,29.501211462945943,93,0.45952042777174373,33.33333333333333
98,160.0,41,call,MTB,119.69,,2023-06-16,0.55,74,40.31,2,33.67866989723452,94,0.45952042777174373,61.53846153846153
99,165.0,40,call,MTB,119.69,,2023-06-16,0.3125,74,45.31,1,37.8561283315231,96,0.2610911521430362,87.5
100,170.0,48,call,MTB,119.69,,2023-06-16,0.5249999999999999,74,50.31,2,42.033586765811684,94,0.4386331356003007,100.0
101,175.0,49,call,MTB,119.69,,2023-06-16,0.44999999999999996,74,55.31,1,46.21104520010026,95,0.37597125908597206,100.0
102,180.0,51,call,MTB,119.69,,2023-06-16,0.41250000000000003,74,60.31,1,50.38850363438884,96,0.34464032082880774,100.0
103,185.0,50,call,MTB,119.69,,2023-06-16,0.5625,74,65.31,2,54.565962068677415,97,0.46996407385746514,100.0
104,190.0,66,call,MTB,119.69,,2023-06-16,1.325,74,70.31,5,58.743420502965996,93,1.1070264850864735,34.48275862068966
105,195.0,55,call,MTB,119.69,,2023-06-16,0.5625,74,75.31,2,62.92087893725458,97,0.46996407385746514,100.0
106,200.0,67,call,MTB,119.69,,2023-06-16,1.3125,74,80.31,5,67.09833737154315,95,1.096582839000752,100.0
107,210.0,71,call,MTB,119.69,,2023-06-16,1.3125,74,90.31,5,75.45325424012032,95,1.096582839000752,100.0
108,220.0,77,call,MTB,119.69,,2023-06-16,1.4625,74,100.31,6,83.80817110869747,95,1.2219065920294094,100.0
109,230.0,84,call,MTB,119.69,,2023-06-16,1.6500000000000001,74,110.31,6,92.16308797727463,95,1.378561283315231,100.0
110,240.0,85,call,MTB,119.69,,2023-06-16,1.3875000000000002,74,120.31,5,100.51800484585179,96,1.159244715515081,100.0
111,250.0,91,call,MTB,119.69,,2023-06-16,1.6124999999999998,74,130.31,6,108.87292171442894,96,1.3472303450580665,100.0
112,280.0,102,call,MTB,119.69,,2023-06-16,1.6500000000000001,74,160.31,6,133.93767232016043,96,1.378561283315231,100.0
113,90.0,57,call,MTB,119.69,,2023-07-21,33.95,109,-29.689999999999998,94,-24.80574818280558,18,28.364942768819454,13.105413105413108
114,100.0,51,call,MTB,119.69,,2023-07-21,24.725,109,-19.689999999999998,69,-16.45083131422842,26,20.657531957557023,4.400000000000006
115,110.0,48,call,MTB,119.69,,2023-07-21,17.375,109,-9.689999999999998,48,-8.095914445651264,37,14.516668059152812,2.857142857142857
116,115.0,46,call,MTB,119.69,,2023-07-21,14.25,109,-4.689999999999998,39,-3.918456011362685,43,11.90575653772245,4.166666666666664
117,120.0,44,call,MTB,119.69,,2023-07-21,11.375,109,0.3100000000000023,31,0.2590024229258938,50,9.503717938006517,4.3478260869565215
118,125.0,43,call,MTB,119.69,,2023-07-21,8.95,109,5.310000000000002,25,4.436460857214473,57,7.477650597376555,6.5934065934065895
119,130.0,42,call,MTB,119.69,,2023-07-21,6.9,109,10.310000000000002,19,8.613919291503052,64,5.764892639318239,5.71428571428572
120,135.0,40,call,MTB,119.69,,2023-07-21,5.15,109,15.310000000000002,14,12.79137772579163,70,4.302782187317236,11.320754716981126
121,140.0,39,call,MTB,119.69,,2023-07-21,3.775,109,20.310000000000002,10,16.96883616008021,76,3.153981117887877,12.820512820512821
122,145.0,39,call,MTB,119.69,,2023-07-21,2.7375,109,25.310000000000002,7,21.146294594368786,81,2.287158492772997,15.789473684210531
123,150.0,43,call,MTB,119.69,,2023-07-21,2.275,109,30.310000000000002,6,25.323753028657364,82,1.9007435876013035,86.20689655172414
124,155.0,40,call,MTB,119.69,,2023-07-21,1.525,109,35.31,4,29.501211462945943,88,1.2741248224580166,51.42857142857143
125,160.0,43,call,MTB,119.69,,2023-07-21,1.425,109,40.31,3,33.67866989723452,88,1.190575653772245,74.28571428571429
126,165.0,35,call,MTB,119.69,,2023-07-21,0.525,109,45.31,1,37.8561283315231,95,0.43863313560030076,18.181818181818187
127,170.0,40,call,MTB,119.69,,2023-07-21,0.575,109,50.31,1,42.033586765811684,94,0.48040771994318654,93.33333333333333
128,175.0,42,call,MTB,119.69,,2023-07-21,0.5625,109,55.31,1,46.21104520010026,94,0.46996407385746514,100.0
129,180.0,45,call,MTB,119.69,,2023-07-21,0.5625,109,60.31,1,50.38850363438884,95,0.46996407385746514,100.0
130,185.0,46,call,MTB,119.69,,2023-07-21,0.5249999999999999,109,65.31,1,54.565962068677415,95,0.4386331356003007,100.0
131,190.0,53,call,MTB,119.69,,2023-07-21,0.8250000000000001,109,70.31,2,58.743420502965996,94,0.6892806416576155,100.0
132,195.0,53,call,MTB,119.69,,2023-07-21,0.725,109,75.31,2,62.92087893725458,95,0.6057314729718439,58.82352941176471
133,200.0,55,call,MTB,119.69,,2023-07-21,1.325,109,80.31,3,67.09833737154315,95,1.1070264850864735,97.14285714285714
134,210.0,55,call,MTB,119.69,,2023-07-21,0.9125,109,90.31,2,75.45325424012032,96,0.7623861642576657,95.83333333333333
135,220.0,54,call,MTB,119.69,,2023-07-21,0.5625,109,100.31,1,83.80817110869747,97,0.46996407385746514,100.0
136,230.0,57,call,MTB,119.69,,2023-07-21,0.5625,109,110.31,1,92.16308797727463,98,0.46996407385746514,100.0
137,240.0,73,call,MTB,119.69,,2023-07-21,1.6875,109,120.31,4,100.51800484585179,95,1.4098922215723955,100.0
138,110.0,49,call,MTB,119.69,,2023-10-20,21.575,200,-9.689999999999998,32,-8.095914445651264,40,18.025733143955218,7.727272727272725
139,115.0,46,call,MTB,119.69,,2023-10-20,18.2,200,-4.689999999999998,27,-3.918456011362685,45,15.205948700810428,6.486486486486482
140,120.0,43,call,MTB,119.69,,2023-10-20,15.075,200,0.3100000000000023,22,0.2590024229258938,50,12.595037179380066,3.2894736842105265
141,125.0,43,call,MTB,119.69,,2023-10-20,12.725,200,5.310000000000002,19,4.436460857214473,55,10.631631715264433,8.46153846153846
142,130.0,42,call,MTB,119.69,,2023-10-20,10.675,200,10.310000000000002,16,8.613919291503052,60,8.918873757206116,11.818181818181824
143,135.0,41,call,MTB,119.69,,2023-10-20,8.775,200,15.310000000000002,13,12.79137772579163,65,7.331439552176456,10.000000000000004
144,140.0,39,call,MTB,119.69,,2023-10-20,6.925,200,20.310000000000002,10,16.96883616008021,70,5.785779931489682,9.859154929577455
145,145.0,38,call,MTB,119.69,,2023-10-20,5.525,200,25.310000000000002,8,21.146294594368786,74,4.61609156988888,12.280701754385968
146,150.0,38,call,MTB,119.69,,2023-10-20,4.425,200,30.310000000000002,6,25.323753028657364,78,3.697050714345392,15.21739130434782
147,155.0,38,call,MTB,119.69,,2023-10-20,3.5875,200,35.31,5,29.501211462945943,81,2.997326426602055,22.36842105263157
148,160.0,39,call,MTB,119.69,,2023-10-20,3.0374999999999996,200,40.31,4,33.67866989723452,84,2.537805998830311,31.818181818181817
149,165.0,38,call,MTB,119.69,,2023-10-20,2.3249999999999997,200,45.31,3,37.8561283315231,87,1.9425181719441889,35.29411764705882
150,170.0,37,call,MTB,119.69,,2023-10-20,1.7875,200,50.31,2,42.033586765811684,89,1.493441390258167,42.50000000000001
151,175.0,37,call,MTB,119.69,,2023-10-20,1.425,200,55.31,2,46.21104520010026,91,1.190575653772245,43.75
152,180.0,40,call,MTB,119.69,,2023-10-20,1.4625,200,60.31,2,50.38850363438884,91,1.2219065920294094,55.88235294117647
153,200.0,41,call,MTB,119.69,,2023-10-20,0.725,200,80.31,1,67.09833737154315,95,0.6057314729718439,94.73684210526315
154,210.0,43,call,MTB,119.69,,2023-10-20,0.65,200,90.31,0,75.45325424012032,95,0.5430695964575153,94.11764705882354
155,220.0,45,call,MTB,119.69,,2023-10-20,0.6000000000000001,200,100.31,0,83.80817110869747,96,0.5012950121146296,100.0
156,240.0,50,call,MTB,119.69,,2023-10-20,0.5625,200,120.31,0,100.51800484585179,96,0.46996407385746514,100.0
157,60.0,58,call,MTB,119.69,,2023-12-15,62.0,256,-59.69,73,-49.870498788537056,7,51.80048458517838,6.349206349206349
158,90.0,52,call,MTB,119.69,,2023-12-15,37.025,256,-29.689999999999998,44,-24.80574818280558,25,30.934079705906928,5.066666666666663
159,95.0,50,call,MTB,119.69,,2023-12-15,33.45,256,-24.689999999999998,39,-20.628289748517002,29,27.947196925390596,6.470588235294116
160,100.0,50,call,MTB,119.69,,2023-12-15,29.325,256,-19.689999999999998,34,-16.45083131422842,33,24.500793717102514,5.050505050505051
161,105.0,50,call,MTB,119.69,,2023-12-15,26.4,256,-14.689999999999998,31,-12.273372879939842,37,22.056980533043696,7.434944237918216
162,110.0,46,call,MTB,119.69,,2023-12-15,22.675,256,-9.689999999999998,27,-8.095914445651264,41,18.944773999498704,5.652173913043481
163,115.0,46,call,MTB,119.69,,2023-12-15,20.1,256,-4.689999999999998,23,-3.918456011362685,45,16.79338290584009,7.804878048780495
164,120.0,44,call,MTB,119.69,,2023-12-15,17.275000000000002,256,0.3100000000000023,20,0.2590024229258938,50,14.433118890467043,7.386363636363639
165,125.0,42,call,MTB,119.69,,2023-12-15,14.6,256,5.310000000000002,17,4.436460857214473,54,12.198178628122651,8.053691275167793
166,130.0,42,call,MTB,119.69,,2023-12-15,12.7,256,10.310000000000002,15,8.613919291503052,59,10.61074442309299,9.230769230769225
167,135.0,40,call,MTB,119.69,,2023-12-15,10.425,256,15.310000000000002,12,12.79137772579163,63,8.710000835491687,6.603773584905654
168,140.0,39,call,MTB,119.69,,2023-12-15,8.600000000000001,256,20.310000000000002,10,16.96883616008021,68,7.185228506976356,9.090909090909099
169,145.0,40,call,MTB,119.69,,2023-12-15,7.65,256,25.310000000000002,9,21.146294594368786,71,6.391511404461526,12.658227848101266
170,150.0,39,call,MTB,119.69,,2023-12-15,6.2,256,30.310000000000002,7,25.323753028657364,75,5.180048458517838,18.461538461538463
171,155.0,39,call,MTB,119.69,,2023-12-15,5.125,256,35.31,6,29.501211462945943,78,4.281894895145793,20.37037037037038
172,160.0,38,call,MTB,119.69,,2023-12-15,4.275,256,40.31,5,33.67866989723452,81,3.5717269613167355,19.999999999999996
173,165.0,38,call,MTB,119.69,,2023-12-15,3.4625000000000004,256,45.31,4,37.8561283315231,84,2.8928899657448413,25.675675675675677
174,170.0,37,call,MTB,119.69,,2023-12-15,2.7375000000000003,256,50.31,3,42.033586765811684,86,2.287158492772997,28.8135593220339
175,175.0,37,call,MTB,119.69,,2023-12-15,2.225,256,55.31,2,46.21104520010026,88,1.8589690032584176,36.734693877551024
176,180.0,37,call,MTB,119.69,,2023-12-15,1.8625,256,60.31,2,50.38850363438884,90,1.5561032667724957,45.23809523809524
177,185.0,34,call,MTB,119.69,,2023-12-15,1.25,256,65.31,1,54.565962068677415,93,1.0443646085721447,15.384615384615381
178,190.0,38,call,MTB,119.69,,2023-12-15,1.45,256,70.31,1,58.743420502965996,92,1.2114629459436879,48.484848484848484
179,195.0,39,call,MTB,119.69,,2023-12-15,1.275,256,75.31,1,62.92087893725458,93,1.0652519007435874,60.0
180,200.0,37,call,MTB,119.69,,2023-12-15,0.8875000000000001,256,80.31,1,67.09833737154315,94,0.7414988720862228,61.904761904761905
181,210.0,46,call,MTB,119.69,,2023-12-15,1.5375,256,90.31,1,75.45325424012032,92,1.284568468543738,92.5
182,220.0,43,call,MTB,119.69,,2023-12-15,0.8625,256,100.31,1,83.80817110869747,95,0.7206115799147799,86.36363636363636
183,230.0,45,call,MTB,119.69,,2023-12-15,0.8375000000000001,256,110.31,0,92.16308797727463,95,0.6997242877433371,95.45454545454545
322,30.0,321,call,SCHW,52.25,2023-01-16 05:30,2023-04-06,22.5,3,-22.25,5088,-42.58373205741627,3,43.0622009569378,2.649006622516547
323,35.0,234,call,SCHW,52.25,2023-01-16 05:30,2023-04-06,17.4375,3,-17.25,3943,-33.014354066985646,3,33.3732057416268,3.69318181818183
324,37.0,140,call,SCHW,52.25,2023-01-16 05:30,2023-04-06,15.575,3,-15.25,3522,-29.1866028708134,0,29.80861244019139,4.44444444444444
325,38.0,202,call,SCHW,52.25,2023-01-16 05:30,2023-04-06,14.5,3,-14.25,3279,-27.272727272727273,4,27.751196172248804,4.0955631399317385
326,40.0,176,call,SCHW,52.25,2023-01-16 05:30,2023-04-06,12.4875,3,-12.25,2824,-23.444976076555022,4,23.89952153110048,5.138339920948619
327,41.0,103,call,SCHW,52.25,2023-01-16 05:30,2023-04-06,11.525,3,-11.25,2606,-21.5311004784689,0,22.057416267942585,4.291845493562231
328,42.0,105,call,SCHW,52.25,2023-01-16 05:30,2023-04-06,10.5625,3,-10.25,2388,-19.617224880382775,1,20.215311004784688,5.140186915887841
329,43.5,91,call,SCHW,52.25,2023-01-16 05:30,2023-04-06,9.0625,3,-8.75,2049,-16.74641148325359,1,17.3444976076555,5.978260869565206
330,44.0,98,call,SCHW,52.25,2023-01-16 05:30,2023-04-06,8.5625,3,-8.25,1936,-15.789473684210526,2,16.38755980861244,4.04624277456647
331,44.5,88,call,SCHW,52.25,2023-01-16 05:30,2023-04-06,8.075,3,-7.75,1826,-14.832535885167465,2,15.454545454545453,6.097560975609746
332,45.0,76,call,SCHW,52.25,2023-01-16 05:30,2023-04-06,7.512499999999999,3,-7.25,1699,-13.875598086124402,1,14.377990430622008,4.605263157894733
333,45.5,83,call,SCHW,52.25,2023-01-16 05:30,2023-04-06,7.0875,3,-6.75,1603,-12.91866028708134,3,13.564593301435407,6.250000000000002
334,46.0,78,call,SCHW,52.25,2023-01-16 05:30,2023-04-06,6.5625,3,-6.25,1484,-11.961722488038278,3,12.559808612440191,5.2631578947368505
335,47.0,71,call,SCHW,52.25,2023-01-16 05:30,2023-04-06,5.625,3,-5.25,1272,-10.047846889952153,5,10.76555023923445,8.695652173913043
336,47.5,81,call,SCHW,52.25,2023-01-16 05:30,2023-04-06,5.025,3,-4.75,1136,-9.090909090909092,10,9.617224880382777,9.70873786407767
337,48.0,66,call,SCHW,52.25,2023-01-16 05:30,2023-04-06,4.65,3,-4.25,1051,-8.133971291866029,8,8.89952153110048,8.421052631578954
338,48.5,62,call,SCHW,52.25,2023-01-16 05:30,2023-04-06,4.1625,3,-3.75,941,-7.177033492822966,9,7.966507177033492,8.23529411764706
339,49.0,60,call,SCHW,52.25,2023-01-16 05:30,2023-04-06,3.6875,3,-3.25,834,-6.220095693779904,12,7.057416267942584,6.666666666666667
340,49.5,58,call,SCHW,52.25,2023-01-16 05:30,2023-04-06,3.2375,3,-2.75,732,-5.2631578947368425,15,6.196172248803828,7.575757575757576
341,50.0,61,call,SCHW,52.25,2023-01-16 05:30,2023-04-06,2.88,3,-2.25,651,-4.30622009569378,21,5.511961722488039,5.479452054794526
342,51.0,57,call,SCHW,52.25,2023-01-16 05:30,2023-04-06,2.0949999999999998,3,-1.25,473,-2.3923444976076556,32,4.00956937799043,6.572769953051639
343,52.0,55,call,SCHW,52.25,2023-01-16 05:30,2023-04-06,1.41,3,-0.25,318,-0.4784688995215311,46,2.6985645933014353,2.8169014084507067
344,53.0,53,call,SCHW,52.25,2023-01-16 05:30,2023-04-06,0.9125000000000001,3,0.75,206,1.4354066985645932,61,1.7464114832535889,7.526881720430114
345,54.0,51,call,SCHW,52.25,2023-01-16 05:30,2023-04-06,0.53,3,1.75,119,3.349282296650718,75,1.014354066985646,7.407407407407414
346,55.0,50,call,SCHW,52.25,2023-01-16 05:30,2023-04-06,0.29,3,2.75,65,5.2631578947368425,86,0.555023923444976,13.333333333333329
347,56.0,52,call,SCHW,52.25,2023-01-16 05:30,2023-04-06,0.165,3,3.75,37,7.177033492822966,92,0.3157894736842105,11.764705882352951
348,57.0,53,call,SCHW,52.25,2023-01-16 05:30,2023-04-06,0.095,3,4.75,21,9.090909090909092,96,0.18181818181818182,20.000000000000004
349,58.0,58,call,SCHW,52.25,2023-01-16 05:30,2023-04-06,0.08,3,5.75,18,11.004784688995215,97,0.15311004784688995,44.44444444444444
350,58.5,58,call,SCHW,52.25,2023-01-16 05:30,2023-04-06,0.055,3,6.25,12,11.961722488038278,98,0.10526315789473684,33.33333333333333
351,59.0,61,call,SCHW,52.25,2023-01-16 05:30,2023-04-06,0.0525,3,6.75,11,12.91866028708134,98,0.10047846889952153,50.0
352,60.0,62,call,SCHW,52.25,2023-01-16 05:30,2023-04-06,0.0275,3,7.75,6,14.832535885167465,99,0.05263157894736842,33.33333333333333
353,61.0,64,call,SCHW,52.25,2023-01-16 05:30,2023-04-06,0.0175,3,8.75,3,16.74641148325359,99,0.03349282296650718,50.0
354,62.0,75,call,SCHW,52.25,2023-01-16 05:30,2023-04-06,0.0325,3,9.75,7,18.660287081339714,99,0.06220095693779904,75.0
355,63.0,75,call,SCHW,52.25,2023-01-16 05:30,2023-04-06,0.0175,3,10.75,3,20.574162679425836,99,0.03349282296650718,50.0
356,64.0,81,call,SCHW,52.25,2023-01-16 05:30,2023-04-06,0.0175,3,11.75,3,22.48803827751196,99,0.03349282296650718,50.0
357,65.0,85,call,SCHW,52.25,2023-01-16 05:30,2023-04-06,0.0175,3,12.75,3,24.401913875598087,99,0.03349282296650718,50.0
358,66.0,87,call,SCHW,52.25,2023-01-16 05:30,2023-04-06,0.015,3,13.75,3,26.31578947368421,99,0.028708133971291867,100.0
359,67.0,96,call,SCHW,52.25,2023-01-16 05:30,2023-04-06,0.0225,3,14.75,5,28.229665071770334,99,0.0430622009569378,100.0
360,68.0,101,call,SCHW,52.25,2023-01-16 05:30,2023-04-06,0.0225,3,15.75,5,30.14354066985646,99,0.0430622009569378,100.0
361,69.0,110,call,SCHW,52.25,2023-01-16 05:30,2023-04-06,0.03,3,16.75,6,32.057416267942585,99,0.05741626794258373,100.0
362,70.0,110,call,SCHW,52.25,2023-01-16 05:30,2023-04-06,0.0225,3,17.75,5,33.97129186602871,99,0.0430622009569378,100.0
363,71.0,115,call,SCHW,52.25,2023-01-16 05:30,2023-04-06,0.0225,3,18.75,5,35.88516746411483,99,0.0430622009569378,100.0
364,72.0,121,call,SCHW,52.25,2023-01-16 05:30,2023-04-06,0.0225,3,19.75,5,37.79904306220096,99,0.0430622009569378,100.0
365,73.0,112,call,SCHW,52.25,2023-01-16 05:30,2023-04-06,0.0075,3,20.75,1,39.71291866028708,99,0.014354066985645933,100.0
366,74.0,137,call,SCHW,52.25,2023-01-16 05:30,2023-04-06,0.037500000000000006,3,21.75,8,41.6267942583732,99,0.07177033492822968,100.0
367,75.0,134,call,SCHW,52.25,2023-01-16 05:30,2023-04-06,0.0225,3,22.75,5,43.54066985645933,99,0.0430622009569378,100.0
368,76.0,143,call,SCHW,52.25,2023-01-16 05:30,2023-04-06,0.03,3,23.75,6,45.45454545454545,99,0.05741626794258373,100.0
369,77.0,146,call,SCHW,52.25,2023-01-16 05:30,2023-04-06,0.03,3,24.75,6,47.36842105263158,99,0.05741626794258373,100.0
370,78.0,146,call,SCHW,52.25,2023-01-16 05:30,2023-04-06,0.0225,3,25.75,5,49.282296650717704,99,0.0430622009569378,100.0
371,79.0,156,call,SCHW,52.25,2023-01-16 05:30,2023-04-06,0.03,3,26.75,6,51.196172248803826,99,0.05741626794258373,100.0
372,80.0,159,call,SCHW,52.25,2023-01-16 05:30,2023-04-06,0.03,3,27.75,6,53.110047846889955,99,0.05741626794258373,100.0
373,81.0,164,call,SCHW,52.25,2023-01-16 05:30,2023-04-06,0.03,3,28.75,6,55.02392344497608,99,0.05741626794258373,100.0
374,82.0,168,call,SCHW,52.25,2023-01-16 05:30,2023-04-06,0.03,3,29.75,6,56.9377990430622,99,0.05741626794258373,100.0
375,83.0,176,call,SCHW,52.25,2023-01-16 05:30,2023-04-06,0.037500000000000006,3,30.75,8,58.85167464114833,99,0.07177033492822968,100.0
376,84.0,271,call,SCHW,52.25,2023-01-16 05:30,2023-04-06,0.5625,3,31.75,127,60.76555023923445,97,1.076555023923445,100.0
377,85.0,179,call,SCHW,52.25,2023-01-16 05:30,2023-04-06,0.03,3,32.75,6,62.67942583732057,99,0.05741626794258373,100.0
378,86.0,244,call,SCHW,52.25,2023-01-16 05:30,2023-04-06,0.255,3,33.75,57,64.5933014354067,98,0.4880382775119617,99.99999999999999
379,87.0,286,call,SCHW,52.25,2023-01-16 05:30,2023-04-06,0.5625,3,34.75,127,66.50717703349282,97,1.076555023923445,100.0
380,88.0,253,call,SCHW,52.25,2023-01-16 05:30,2023-04-06,0.255,3,35.75,57,68.42105263157895,98,0.4880382775119617,99.99999999999999
381,90.0,192,call,SCHW,52.25,2023-01-16 05:30,2023-04-06,0.0225,3,37.75,5,72.2488038277512,99,0.0430622009569378,100.0
382,91.0,195,call,SCHW,52.25,2023-01-16 05:30,2023-04-06,0.0225,3,38.75,5,74.16267942583733,99,0.0430622009569378,100.0
383,92.0,204,call,SCHW,52.25,2023-01-16 05:30,2023-04-06,0.03,3,39.75,6,76.07655502392345,99,0.05741626794258373,100.0
384,30.0,204,call,SCHW,52.25,2023-01-16 05:30,2023-04-14,22.2875,11,-22.25,1404,-42.58373205741627,5,42.655502392344495,8.99122807017544
385,35.0,160,call,SCHW,52.25,2023-01-16 05:30,2023-04-14,17.5,11,-17.25,1102,-33.014354066985646,7,33.49282296650718,7.843137254901973
386,40.0,123,call,SCHW,52.25,2023-01-16 05:30,2023-04-14,12.4375,11,-12.25,783,-23.444976076555022,10,23.803827751196174,15.830115830115822
387,45.0,81,call,SCHW,52.25,2023-01-16 05:30,2023-04-14,7.6625,11,-7.25,482,-13.875598086124402,14,14.665071770334928,14.46540880503145
388,46.0,62,call,SCHW,52.25,2023-01-16 05:30,2023-04-14,6.8125,11,-6.25,429,-11.961722488038278,12,13.038277511961722,5.07246376811595
389,48.0,61,call,SCHW,52.25,2023-01-16 05:30,2023-04-14,5.2124999999999995,11,-4.25,328,-8.133971291866029,21,9.976076555023923,10.280373831775698
390,48.5,59,call,SCHW,52.25,2023-01-16 05:30,2023-04-14,4.75,11,-3.75,299,-7.177033492822966,23,9.090909090909092,8.24742268041236
391,49.0,58,call,SCHW,52.25,2023-01-16 05:30,2023-04-14,4.375,11,-3.25,275,-6.220095693779904,26,8.373205741626794,11.11111111111111
392,49.5,57,call,SCHW,52.25,2023-01-16 05:30,2023-04-14,3.9749999999999996,11,-2.75,250,-5.2631578947368425,29,7.607655502392343,12.195121951219503
393,50.0,52,call,SCHW,52.25,2023-01-16 05:30,2023-04-14,3.4375,11,-2.25,216,-4.30622009569378,31,6.578947368421052,7.142857142857143
394,51.0,51,call,SCHW,52.25,2023-01-16 05:30,2023-04-14,2.7425,11,-1.25,172,-2.3923444976076556,39,5.248803827751196,6.810035842293904
395,52.0,49,call,SCHW,52.25,2023-01-16 05:30,2023-04-14,2.0549999999999997,11,-0.25,129,-0.4784688995215311,47,3.933014354066985,2.898550724637684
396,53.0,48,call,SCHW,52.25,2023-01-16 05:30,2023-04-14,1.5275,11,0.75,96,1.4354066985645932,56,2.923444976076555,5.80645161290323
397,54.0,47,call,SCHW,52.25,2023-01-16 05:30,2023-04-14,1.1175,11,1.75,70,3.349282296650718,65,2.138755980861244,7.894736842105251
398,55.0,46,call,SCHW,52.25,2023-01-16 05:30,2023-04-14,0.78,11,2.75,49,5.2631578947368425,73,1.492822966507177,10.000000000000009
399,56.0,46,call,SCHW,52.25,2023-01-16 05:30,2023-04-14,0.545,11,3.75,34,7.177033492822966,80,1.043062200956938,10.714285714285722
400,57.0,46,call,SCHW,52.25,2023-01-16 05:30,2023-04-14,0.3775,11,4.75,23,9.090909090909092,85,0.722488038277512,12.820512820512818
401,58.0,47,call,SCHW,52.25,2023-01-16 05:30,2023-04-14,0.2675,11,5.75,16,11.004784688995215,89,0.5119617224880383,17.85714285714286
402,58.5,50,call,SCHW,52.25,2023-01-16 05:30,2023-04-14,0.2525,11,6.25,15,11.961722488038278,90,0.48325358851674644,25.925925925925927
403,59.0,48,call,SCHW,52.25,2023-01-16 05:30,2023-04-14,0.19,11,6.75,11,12.91866028708134,92,0.36363636363636365,20.000000000000004
404,60.0,49,call,SCHW,52.25,2023-01-16 05:30,2023-04-14,0.13,11,7.75,8,14.832535885167465,94,0.24880382775119617,28.571428571428577
405,61.0,51,call,SCHW,52.25,2023-01-16 05:30,2023-04-14,0.10250000000000001,11,8.75,6,16.74641148325359,95,0.19617224880382775,27.272727272727273
406,62.0,51,call,SCHW,52.25,2023-01-16 05:30,2023-04-14,0.08249999999999999,11,9.75,5,18.660287081339714,97,0.15789473684210523,33.333333333333336
407,63.0,53,call,SCHW,52.25,2023-01-16 05:30,2023-04-14,0.065,11,10.75,4,20.574162679425836,97,0.12440191387559808,28.571428571428577
408,64.0,55,call,SCHW,52.25,2023-01-16 05:30,2023-04-14,0.055,11,11.75,3,22.48803827751196,98,0.10526315789473684,33.33333333333333
409,65.0,57,call,SCHW,52.25,2023-01-16 05:30,2023-04-14,0.045,11,12.75,2,24.401913875598087,98,0.0861244019138756,40.00000000000001
410,66.0,60,call,SCHW,52.25,2023-01-16 05:30,2023-04-14,0.049999999999999996,11,13.75,3,26.31578947368421,98,0.09569377990430622,66.66666666666666
411,67.0,60,call,SCHW,52.25,2023-01-16 05:30,2023-04-14,0.035,11,14.75,2,28.229665071770334,99,0.06698564593301436,50.0
412,68.0,60,call,SCHW,52.25,2023-01-16 05:30,2023-04-14,0.03,11,15.75,1,30.14354066985646,99,0.05741626794258373,100.0
413,69.0,64,call,SCHW,52.25,2023-01-16 05:30,2023-04-14,0.024999999999999998,11,16.75,1,32.057416267942585,99,0.04784688995215311,66.66666666666666
414,70.0,71,call,SCHW,52.25,2023-01-16 05:30,2023-04-14,0.0425,11,17.75,2,33.97129186602871,99,0.08133971291866028,60.00000000000001
415,71.0,75,call,SCHW,52.25,2023-01-16 05:30,2023-04-14,0.06,11,18.75,3,35.88516746411483,98,0.11483253588516747,100.0
416,72.0,67,call,SCHW,52.25,2023-01-16 05:30,2023-04-14,0.015,11,19.75,0,37.79904306220096,99,0.028708133971291867,100.0
417,73.0,83,call,SCHW,52.25,2023-01-16 05:30,2023-04-14,0.0675,11,20.75,4,39.71291866028708,98,0.1291866028708134,100.0
418,74.0,87,call,SCHW,52.25,2023-01-16 05:30,2023-04-14,0.07500000000000001,11,21.75,4,41.6267942583732,98,0.14354066985645936,100.0
419,75.0,79,call,SCHW,52.25,2023-01-16 05:30,2023-04-14,0.03,11,22.75,1,43.54066985645933,99,0.05741626794258373,100.0
420,76.0,86,call,SCHW,52.25,2023-01-16 05:30,2023-04-14,0.045,11,23.75,2,45.45454545454545,99,0.0861244019138756,100.0
421,77.0,96,call,SCHW,52.25,2023-01-16 05:30,2023-04-14,0.0825,11,24.75,5,47.36842105263158,98,0.15789473684210525,100.0
422,78.0,92,call,SCHW,52.25,2023-01-16 05:30,2023-04-14,0.045,11,25.75,2,49.282296650717704,99,0.0861244019138756,100.0
423,79.0,109,call,SCHW,52.25,2023-01-16 05:30,2023-04-14,0.135,11,26.75,8,51.196172248803826,98,0.2583732057416268,100.0
424,80.0,85,call,SCHW,52.25,2023-01-16 05:30,2023-04-14,0.015,11,27.75,0,53.110047846889955,99,0.028708133971291867,100.0
425,81.0,115,call,SCHW,52.25,2023-01-16 05:30,2023-04-14,0.135,11,28.75,8,55.02392344497608,98,0.2583732057416268,100.0
426,82.0,96,call,SCHW,52.25,2023-01-16 05:30,2023-04-14,0.03,11,29.75,1,56.9377990430622,99,0.05741626794258373,100.0
427,83.0,120,call,SCHW,52.25,2023-01-16 05:30,2023-04-14,0.135,11,30.75,8,58.85167464114833,98,0.2583732057416268,100.0
428,84.0,101,call,SCHW,52.25,2023-01-16 05:30,2023-04-14,0.03,11,31.75,1,60.76555023923445,99,0.05741626794258373,100.0
429,85.0,108,call,SCHW,52.25,2023-01-16 05:30,2023-04-14,0.045,11,32.75,2,62.67942583732057,99,0.0861244019138756,100.0
430,86.0,132,call,SCHW,52.25,2023-01-16 05:30,2023-04-14,0.17250000000000001,11,33.75,10,64.5933014354067,98,0.33014354066985646,100.0
431,95.0,135,call,SCHW,52.25,2023-01-16 05:30,2023-04-14,0.0675,11,42.75,4,81.81818181818181,99,0.1291866028708134,100.0
432,100.0,132,call,SCHW,52.25,2023-01-16 05:30,2023-04-14,0.03,11,47.75,1,91.38755980861244,99,0.05741626794258373,100.0
433,22.5,145,call,SCHW,52.25,2023-01-16 05:30,2023-04-21,30.125,18,-29.75,1163,-56.9377990430622,0,57.655502392344495,2.9654036243822146
434,25.0,150,call,SCHW,52.25,2023-01-16 05:30,2023-04-21,27.674999999999997,18,-27.25,1068,-52.15311004784689,1,52.966507177033485,3.225806451612898
435,30.0,127,call,SCHW,52.25,2023-01-16 05:30,2023-04-21,22.625,18,-22.25,873,-42.58373205741627,2,43.301435406698566,2.197802197802198
436,32.5,110,call,SCHW,52.25,2023-01-16 05:30,2023-04-21,20.175,18,-19.75,779,-37.79904306220096,2,38.61244019138756,3.4398034398034536
437,35.0,105,call,SCHW,52.25,2023-01-16 05:30,2023-04-21,17.6625,18,-17.25,682,-33.014354066985646,4,33.803827751196174,1.971830985915501
438,37.5,118,call,SCHW,52.25,2023-01-16 05:30,2023-04-21,15.1625,18,-14.75,585,-28.229665071770334,10,29.019138755980862,8.709677419354836
439,40.0,77,call,SCHW,52.25,2023-01-16 05:30,2023-04-21,12.75,18,-12.25,492,-23.444976076555022,5,24.401913875598087,4.651162790697671
440,42.5,73,call,SCHW,52.25,2023-01-16 05:30,2023-04-21,10.4625,18,-9.75,404,-18.660287081339714,10,20.023923444976077,7.04225352112676
441,45.0,71,call,SCHW,52.25,2023-01-16 05:30,2023-04-21,8.2375,18,-7.25,318,-13.875598086124402,17,15.765550239234452,5.389221556886219
442,46.0,70,call,SCHW,52.25,2023-01-16 05:30,2023-04-21,7.375,18,-6.25,284,-11.961722488038278,20,14.114832535885167,4.02684563758389
443,47.0,67,call,SCHW,52.25,2023-01-16 05:30,2023-04-21,6.5375,18,-5.25,252,-10.047846889952153,24,12.511961722488039,3.787878787878788
444,47.5,66,call,SCHW,52.25,2023-01-16 05:30,2023-04-21,6.125,18,-4.75,236,-9.090909090909092,25,11.722488038277511,4.838709677419351
445,48.0,65,call,SCHW,52.25,2023-01-16 05:30,2023-04-21,5.7375,18,-4.25,221,-8.133971291866029,28,10.980861244019138,4.310344827586207
446,48.5,64,call,SCHW,52.25,2023-01-16 05:30,2023-04-21,5.3375,18,-3.75,206,-7.177033492822966,30,10.21531100478469,4.62962962962963
447,49.0,66,call,SCHW,52.25,2023-01-16 05:30,2023-04-21,5.175,18,-3.25,199,-6.220095693779904,33,9.904306220095695,9.433962264150944
448,49.5,65,call,SCHW,52.25,2023-01-16 05:30,2023-04-21,4.7875000000000005,18,-2.75,184,-5.2631578947368425,35,9.162679425837322,9.183673469387758
449,50.0,62,call,SCHW,52.25,2023-01-16 05:30,2023-04-21,4.275,18,-2.25,165,-4.30622009569378,37,8.181818181818183,2.325581395348829
450,51.0,59,call,SCHW,52.25,2023-01-16 05:30,2023-04-21,3.6,18,-1.25,139,-2.3923444976076556,42,6.889952153110048,5.479452054794513
451,52.0,58,call,SCHW,52.25,2023-01-16 05:30,2023-04-21,3.0149999999999997,18,-0.25,116,-0.4784688995215311,48,5.770334928229664,4.5901639344262195
452,52.5,57,call,SCHW,52.25,2023-01-16 05:30,2023-04-21,2.7375,18,0.25,105,0.4784688995215311,51,5.239234449760765,4.693140794223823
453,53.0,57,call,SCHW,52.25,2023-01-16 05:30,2023-04-21,2.4725,18,0.75,95,1.4354066985645932,54,4.732057416267943,4.399999999999995
454,54.0,55,call,SCHW,52.25,2023-01-16 05:30,2023-04-21,1.98,18,1.75,76,3.349282296650718,60,3.789473684210526,4.0000000000000036
455,55.0,54,call,SCHW,52.25,2023-01-16 05:30,2023-04-21,1.585,18,2.75,61,5.2631578947368425,66,3.0334928229665072,3.750000000000003
456,56.0,54,call,SCHW,52.25,2023-01-16 05:30,2023-04-21,1.2625,18,3.75,48,7.177033492822966,71,2.416267942583732,8.527131782945744
457,57.0,53,call,SCHW,52.25,2023-01-16 05:30,2023-04-21,0.98,18,4.75,37,9.090909090909092,76,1.875598086124402,7.9999999999999964
458,57.5,53,call,SCHW,52.25,2023-01-16 05:30,2023-04-21,0.8775000000000001,18,5.25,33,10.047846889952153,78,1.6794258373205742,9.999999999999996
459,58.0,53,call,SCHW,52.25,2023-01-16 05:30,2023-04-21,0.7775000000000001,18,5.75,30,11.004784688995215,81,1.488038277511962,11.250000000000009
460,58.5,53,call,SCHW,52.25,2023-01-16 05:30,2023-04-21,0.6975,18,6.25,26,11.961722488038278,82,1.3349282296650717,12.499999999999995
461,59.0,53,call,SCHW,52.25,2023-01-16 05:30,2023-04-21,0.625,18,6.75,24,12.91866028708134,84,1.1961722488038278,15.384615384615381
462,60.0,53,call,SCHW,52.25,2023-01-16 05:30,2023-04-21,0.46749999999999997,18,7.75,18,14.832535885167465,87,0.8947368421052632,10.416666666666666
463,61.0,53,call,SCHW,52.25,2023-01-16 05:30,2023-04-21,0.3675,18,8.75,14,16.74641148325359,90,0.7033492822966507,13.157894736842103
464,62.0,54,call,SCHW,52.25,2023-01-16 05:30,2023-04-21,0.2975,18,9.75,11,18.660287081339714,92,0.569377990430622,16.129032258064512
465,62.5,54,call,SCHW,52.25,2023-01-16 05:30,2023-04-21,0.2525,18,10.25,9,19.617224880382775,93,0.48325358851674644,11.538461538461538
466,63.0,54,call,SCHW,52.25,2023-01-16 05:30,2023-04-21,0.2225,18,10.75,8,20.574162679425836,93,0.4258373205741627,13.043478260869565
467,64.0,55,call,SCHW,52.25,2023-01-16 05:30,2023-04-21,0.1825,18,11.75,7,22.48803827751196,95,0.3492822966507177,15.789473684210526
468,65.0,56,call,SCHW,52.25,2023-01-16 05:30,2023-04-21,0.1475,18,12.75,5,24.401913875598087,95,0.2822966507177033,6.6666666666666545
469,67.5,58,call,SCHW,52.25,2023-01-16 05:30,2023-04-21,0.095,18,15.25,3,29.1866028708134,97,0.18181818181818182,20.000000000000004
470,70.0,62,call,SCHW,52.25,2023-01-16 05:30,2023-04-21,0.0675,18,17.75,2,33.97129186602871,98,0.1291866028708134,14.285714285714297
471,72.5,63,call,SCHW,52.25,2023-01-16 05:30,2023-04-21,0.045,18,20.25,1,38.75598086124402,98,0.0861244019138756,40.00000000000001
472,75.0,68,call,SCHW,52.25,2023-01-16 05:30,2023-04-21,0.0375,18,22.75,1,43.54066985645933,99,0.07177033492822966,25.000000000000004
473,77.5,70,call,SCHW,52.25,2023-01-16 05:30,2023-04-21,0.0275,18,25.25,1,48.32535885167464,99,0.05263157894736842,33.33333333333333
474,80.0,73,call,SCHW,52.25,2023-01-16 05:30,2023-04-21,0.024999999999999998,18,27.75,0,53.110047846889955,99,0.04784688995215311,66.66666666666666
475,82.5,82,call,SCHW,52.25,2023-01-16 05:30,2023-04-21,0.045,18,30.25,1,57.89473684210526,99,0.0861244019138756,100.0
476,85.0,79,call,SCHW,52.25,2023-01-16 05:30,2023-04-21,0.0175,18,32.75,0,62.67942583732057,99,0.03349282296650718,50.0
477,87.5,86,call,SCHW,52.25,2023-01-16 05:30,2023-04-21,0.03,18,35.25,1,67.46411483253588,99,0.05741626794258373,100.0
478,90.0,92,call,SCHW,52.25,2023-01-16 05:30,2023-04-21,0.0325,18,37.75,1,72.2488038277512,99,0.06220095693779904,75.0
479,95.0,92,call,SCHW,52.25,2023-01-16 05:30,2023-04-21,0.015,18,42.75,0,81.81818181818181,99,0.028708133971291867,100.0
480,100.0,103,call,SCHW,52.25,2023-01-16 05:30,2023-04-21,0.0225,18,47.75,0,91.38755980861244,99,0.0430622009569378,100.0
481,105.0,112,call,SCHW,52.25,2023-01-16 05:30,2023-04-21,0.03,18,52.75,1,100.95693779904306,99,0.05741626794258373,100.0
482,110.0,121,call,SCHW,52.25,2023-01-16 05:30,2023-04-21,0.037500000000000006,18,57.75,1,110.52631578947368,99,0.07177033492822968,100.0
483,23.0,203,call,SCHW,52.25,2023-01-16 05:30,2023-04-28,29.474999999999998,25,-29.25,820,-55.98086124401914,6,56.411483253588514,5.685618729096988
484,25.0,185,call,SCHW,52.25,2023-01-16 05:30,2023-04-28,27.5125,25,-27.25,766,-52.15311004784689,6,52.655502392344495,5.555555555555546
485,30.0,152,call,SCHW,52.25,2023-01-16 05:30,2023-04-28,22.6125,25,-22.25,629,-42.58373205741627,8,43.27751196172249,6.739130434782611
486,35.0,119,call,SCHW,52.25,2023-01-16 05:30,2023-04-28,17.6875,25,-17.25,492,-33.014354066985646,10,33.85167464114833,8.033240997229914
487,40.0,69,call,SCHW,52.25,2023-01-16 05:30,2023-04-28,13.0,25,-12.25,361,-23.444976076555022,7,24.880382775119617,10.486891385767793
488,42.0,61,call,SCHW,52.25,2023-01-16 05:30,2023-04-28,11.025,25,-10.25,306,-19.617224880382775,8,21.10047846889952,11.45374449339206
489,43.0,62,call,SCHW,52.25,2023-01-16 05:30,2023-04-28,10.125,25,-9.25,281,-17.70334928229665,11,19.37799043062201,10.576923076923073
490,44.0,64,call,SCHW,52.25,2023-01-16 05:30,2023-04-28,9.325,25,-8.25,259,-15.789473684210526,15,17.84688995215311,11.45833333333333
491,45.0,60,call,SCHW,52.25,2023-01-16 05:30,2023-04-28,8.4375,25,-7.25,234,-13.875598086124402,17,16.148325358851675,14.285714285714286
492,46.0,68,call,SCHW,52.25,2023-01-16 05:30,2023-04-28,7.7125,25,-6.25,214,-11.961722488038278,23,14.760765550239235,4.487179487179483
493,47.0,65,call,SCHW,52.25,2023-01-16 05:30,2023-04-28,6.9,25,-5.25,192,-10.047846889952153,26,13.205741626794259,5.71428571428572
494,48.0,67,call,SCHW,52.25,2023-01-16 05:30,2023-04-28,6.35,25,-4.25,176,-8.133971291866029,31,12.15311004784689,9.230769230769225
495,49.0,65,call,SCHW,52.25,2023-01-16 05:30,2023-04-28,5.5875,25,-3.25,155,-6.220095693779904,35,10.69377990430622,7.8947368421052655
496,50.0,61,call,SCHW,52.25,2023-01-16 05:30,2023-04-28,4.7375,25,-2.25,131,-4.30622009569378,39,9.066985645933014,5.208333333333334
497,51.0,60,call,SCHW,52.25,2023-01-16 05:30,2023-04-28,4.125,25,-1.25,114,-2.3923444976076556,43,7.894736842105263,7.1428571428571495
498,52.0,58,call,SCHW,52.25,2023-01-16 05:30,2023-04-28,3.4875,25,-0.25,97,-0.4784688995215311,48,6.6746411483253585,7.042253521126761
499,53.0,57,call,SCHW,52.25,2023-01-16 05:30,2023-04-28,2.9924999999999997,25,0.75,83,1.4354066985645932,53,5.7272727272727275,7.540983606557377
500,54.0,56,call,SCHW,52.25,2023-01-16 05:30,2023-04-28,2.51,25,1.75,69,3.349282296650718,58,4.803827751196172,7.812500000000007
501,55.0,55,call,SCHW,52.25,2023-01-16 05:30,2023-04-28,2.045,25,2.75,56,5.2631578947368425,63,3.9138755980861246,6.730769230769236
502,56.0,53,call,SCHW,52.25,2023-01-16 05:30,2023-04-28,1.66,25,3.75,46,7.177033492822966,68,3.1770334928229667,7.100591715976325
503,57.0,54,call,SCHW,52.25,2023-01-16 05:30,2023-04-28,1.405,25,4.75,39,9.090909090909092,73,2.688995215311005,12.41379310344827
504,58.0,52,call,SCHW,52.25,2023-01-16 05:30,2023-04-28,1.08,25,5.75,30,11.004784688995215,77,2.0669856459330145,7.272727272727279
505,59.0,52,call,SCHW,52.25,2023-01-16 05:30,2023-04-28,0.9099999999999999,25,6.75,25,12.91866028708134,80,1.741626794258373,16.842105263157887
506,60.0,52,call,SCHW,52.25,2023-01-16 05:30,2023-04-28,0.715,25,7.75,19,14.832535885167465,84,1.368421052631579,13.51351351351351
507,61.0,52,call,SCHW,52.25,2023-01-16 05:30,2023-04-28,0.5675,25,8.75,15,16.74641148325359,87,1.0861244019138756,15.254237288135588
508,62.0,52,call,SCHW,52.25,2023-01-16 05:30,2023-04-28,0.45999999999999996,25,9.75,12,18.660287081339714,89,0.8803827751196173,16.66666666666666
509,63.0,53,call,SCHW,52.25,2023-01-16 05:30,2023-04-28,0.4,25,10.75,11,20.574162679425836,91,0.7655502392344498,27.906976744186046
510,64.0,53,call,SCHW,52.25,2023-01-16 05:30,2023-04-28,0.3075,25,11.75,8,22.48803827751196,92,0.5885167464114832,15.624999999999996
511,65.0,52,call,SCHW,52.25,2023-01-16 05:30,2023-04-28,0.22999999999999998,25,12.75,6,24.401913875598087,94,0.44019138755980863,16.66666666666666
512,66.0,53,call,SCHW,52.25,2023-01-16 05:30,2023-04-28,0.21000000000000002,25,13.75,5,26.31578947368421,95,0.40191387559808617,34.78260869565218
513,67.0,54,call,SCHW,52.25,2023-01-16 05:30,2023-04-28,0.1725,25,14.75,4,28.229665071770334,96,0.33014354066985646,36.8421052631579
514,68.0,56,call,SCHW,52.25,2023-01-16 05:30,2023-04-28,0.17500000000000002,25,15.75,4,30.14354066985646,96,0.3349282296650718,50.0
515,69.0,59,call,SCHW,52.25,2023-01-16 05:30,2023-04-28,0.20500000000000002,25,16.75,5,32.057416267942585,96,0.3923444976076555,72.0
516,70.0,57,call,SCHW,52.25,2023-01-16 05:30,2023-04-28,0.1325,25,17.75,3,33.97129186602871,97,0.2535885167464115,68.75
517,71.0,68,call,SCHW,52.25,2023-01-16 05:30,2023-04-28,0.325,25,18.75,9,35.88516746411483,95,0.6220095693779905,97.67441860465117
518,72.0,68,call,SCHW,52.25,2023-01-16 05:30,2023-04-28,0.245,25,19.75,6,37.79904306220096,96,0.4688995215311005,83.87096774193549
519,73.0,61,call,SCHW,52.25,2023-01-16 05:30,2023-04-28,0.11499999999999998,25,20.75,3,39.71291866028708,98,0.22009569377990426,93.33333333333333
520,74.0,74,call,SCHW,52.25,2023-01-16 05:30,2023-04-28,0.3025,25,21.75,8,41.6267942583732,96,0.5789473684210527,97.5
521,75.0,65,call,SCHW,52.25,2023-01-16 05:30,2023-04-28,0.11499999999999998,25,22.75,3,43.54066985645933,98,0.22009569377990426,93.33333333333333
522,76.0,70,call,SCHW,52.25,2023-01-16 05:30,2023-04-28,0.15250000000000002,25,23.75,4,45.45454545454545,97,0.291866028708134,95.0
523,77.0,64,call,SCHW,52.25,2023-01-16 05:30,2023-04-28,0.07500000000000001,25,24.75,2,47.36842105263158,98,0.14354066985645936,100.0
524,78.0,75,call,SCHW,52.25,2023-01-16 05:30,2023-04-28,0.18,25,25.75,5,49.282296650717704,97,0.3444976076555024,100.0
525,79.0,77,call,SCHW,52.25,2023-01-16 05:30,2023-04-28,0.17250000000000001,25,26.75,4,51.196172248803826,97,0.33014354066985646,100.0
526,80.0,65,call,SCHW,52.25,2023-01-16 05:30,2023-04-28,0.045,25,27.75,1,53.110047846889955,99,0.0861244019138756,100.0
527,81.0,80,call,SCHW,52.25,2023-01-16 05:30,2023-04-28,0.165,25,28.75,4,55.02392344497608,98,0.3157894736842105,100.0
528,82.0,82,call,SCHW,52.25,2023-01-16 05:30,2023-04-28,0.165,25,29.75,4,56.9377990430622,98,0.3157894736842105,100.0
529,83.0,84,call,SCHW,52.25,2023-01-16 05:30,2023-04-28,0.165,25,30.75,4,58.85167464114833,98,0.3157894736842105,100.0
530,84.0,85,call,SCHW,52.25,2023-01-16 05:30,2023-04-28,0.1575,25,31.75,4,60.76555023923445,98,0.3014354066985646,100.0
531,85.0,87,call,SCHW,52.25,2023-01-16 05:30,2023-04-28,0.1575,25,32.75,4,62.67942583732057,98,0.3014354066985646,100.0
532,86.0,88,call,SCHW,52.25,2023-01-16 05:30,2023-04-28,0.1575,25,33.75,4,64.5933014354067,98,0.3014354066985646,100.0
533,88.0,79,call,SCHW,52.25,2023-01-16 05:30,2023-04-28,0.0475,25,35.75,1,68.42105263157895,99,0.09090909090909091,83.33333333333334
534,90.0,94,call,SCHW,52.25,2023-01-16 05:30,2023-04-28,0.15000000000000002,25,37.75,4,72.2488038277512,98,0.2870813397129187,100.0
535,100.0,92,call,SCHW,52.25,2023-01-16 05:30,2023-04-28,0.0325,25,47.75,0,91.38755980861244,99,0.06220095693779904,75.0
536,40.0,66,call,SCHW,52.25,2023-01-16 05:30,2023-05-05,13.05,32,-12.25,284,-23.444976076555022,8,24.976076555023923,8.988764044943816
537,43.0,66,call,SCHW,52.25,2023-01-16 05:30,2023-05-05,10.5125,32,-9.25,228,-17.70334928229665,16,20.119617224880383,12.442396313364053
538,45.0,59,call,SCHW,52.25,2023-01-16 05:30,2023-05-05,8.675,32,-7.25,188,-13.875598086124402,20,16.602870813397132,14.444444444444441
539,46.0,68,call,SCHW,52.25,2023-01-16 05:30,2023-05-05,8.1125,32,-6.25,176,-11.961722488038278,26,15.526315789473687,6.666666666666665
540,47.0,64,call,SCHW,52.25,2023-01-16 05:30,2023-05-05,7.2375,32,-5.25,157,-10.047846889952153,29,13.851674641148325,6.1224489795918275
541,48.0,63,call,SCHW,52.25,2023-01-16 05:30,2023-05-05,6.5,32,-4.25,141,-8.133971291866029,32,12.440191387559809,6.060606060606053
542,50.0,60,call,SCHW,52.25,2023-01-16 05:30,2023-05-05,5.05,32,-2.25,109,-4.30622009569378,40,9.665071770334928,3.921568627450967
543,51.0,58,call,SCHW,52.25,2023-01-16 05:30,2023-05-05,4.3875,32,-1.25,95,-2.3923444976076556,44,8.397129186602871,5.617977528089887
544,52.0,57,call,SCHW,52.25,2023-01-16 05:30,2023-05-05,3.8375,32,-0.25,83,-0.4784688995215311,48,7.344497607655502,6.410256410256411
545,53.0,55,call,SCHW,52.25,2023-01-16 05:30,2023-05-05,3.25,32,0.75,70,1.4354066985645932,53,6.220095693779904,6.060606060606053
546,54.0,55,call,SCHW,52.25,2023-01-16 05:30,2023-05-05,2.8225000000000002,32,1.75,61,3.349282296650718,58,5.401913875598086,9.342560553633218
547,55.0,53,call,SCHW,52.25,2023-01-16 05:30,2023-05-05,2.3600000000000003,32,2.75,51,5.2631578947368425,62,4.516746411483254,8.298755186721998
548,56.0,52,call,SCHW,52.25,2023-01-16 05:30,2023-05-05,1.955,32,3.75,42,7.177033492822966,67,3.7416267942583734,7.03517587939698
549,57.0,52,call,SCHW,52.25,2023-01-16 05:30,2023-05-05,1.64,32,4.75,35,9.090909090909092,71,3.138755980861244,11.834319526627217
550,58.0,51,call,SCHW,52.25,2023-01-16 05:30,2023-05-05,1.365,32,5.75,29,11.004784688995215,75,2.61244019138756,12.765957446808507
551,59.0,50,call,SCHW,52.25,2023-01-16 05:30,2023-05-05,1.0775000000000001,32,6.75,23,12.91866028708134,79,2.0622009569377995,11.71171171171172
552,60.0,50,call,SCHW,52.25,2023-01-16 05:30,2023-05-05,0.8925000000000001,32,7.75,19,14.832535885167465,82,1.708133971291866,11.956521739130432
553,61.0,50,call,SCHW,52.25,2023-01-16 05:30,2023-05-05,0.73,32,8.75,15,16.74641148325359,85,1.3971291866028708,15.789473684210526
554,62.0,50,call,SCHW,52.25,2023-01-16 05:30,2023-05-05,0.5975,32,9.75,13,18.660287081339714,87,1.1435406698564594,20.634920634920636
555,63.0,50,call,SCHW,52.25,2023-01-16 05:30,2023-05-05,0.4925,32,10.75,10,20.574162679425836,89,0.9425837320574163,21.15384615384616
556,64.0,51,call,SCHW,52.25,2023-01-16 05:30,2023-05-05,0.38249999999999995,32,11.75,8,22.48803827751196,90,0.7320574162679424,26.829268292682926
557,65.0,50,call,SCHW,52.25,2023-01-16 05:30,2023-05-05,0.32,32,12.75,6,24.401913875598087,92,0.6124401913875598,23.529411764705888
558,66.0,50,call,SCHW,52.25,2023-01-16 05:30,2023-05-05,0.26999999999999996,32,13.75,5,26.31578947368421,94,0.5167464114832535,27.586206896551722
559,67.0,50,call,SCHW,52.25,2023-01-16 05:30,2023-05-05,0.21000000000000002,32,14.75,4,28.229665071770334,95,0.40191387559808617,34.78260869565218
560,68.0,50,call,SCHW,52.25,2023-01-16 05:30,2023-05-05,0.1775,32,15.75,3,30.14354066985646,96,0.3397129186602871,45.00000000000001
561,69.0,51,call,SCHW,52.25,2023-01-16 05:30,2023-05-05,0.165,32,16.75,3,32.057416267942585,96,0.3157894736842105,52.63157894736842
562,70.0,57,call,SCHW,52.25,2023-01-16 05:30,2023-05-05,0.2825,32,17.75,6,33.97129186602871,95,0.5406698564593301,94.5945945945946
563,75.0,55,call,SCHW,52.25,2023-01-16 05:30,2023-05-05,0.0775,32,22.75,1,43.54066985645933,98,0.14832535885167464,90.00000000000001
564,40.0,74,call,SCHW,52.25,2023-01-16 05:30,2023-05-12,13.3125,39,-12.25,237,-23.444976076555022,13,25.47846889952153,4.089219330855011
565,44.0,61,call,SCHW,52.25,2023-01-16 05:30,2023-05-12,9.7375,39,-8.25,174,-15.789473684210526,19,18.63636363636364,12.43781094527363
566,47.0,62,call,SCHW,52.25,2023-01-16 05:30,2023-05-12,7.4375,39,-5.25,132,-10.047846889952153,30,14.23444976076555,5.960264900662254
567,48.0,60,call,SCHW,52.25,2023-01-16 05:30,2023-05-12,6.625,39,-4.25,118,-8.133971291866029,33,12.679425837320574,4.477611940298504
568,50.0,58,call,SCHW,52.25,2023-01-16 05:30,2023-05-12,5.3125,39,-2.25,94,-4.30622009569378,40,10.167464114832535,6.481481481481492
569,51.0,57,call,SCHW,52.25,2023-01-16 05:30,2023-05-12,4.725,39,-1.25,84,-2.3923444976076556,44,9.043062200956937,6.2499999999999964
570,52.0,54,call,SCHW,52.25,2023-01-16 05:30,2023-05-12,4.0375,39,-0.25,72,-0.4784688995215311,48,7.727272727272727,6.097560975609746
571,53.0,53,call,SCHW,52.25,2023-01-16 05:30,2023-05-12,3.525,39,0.75,62,1.4354066985645932,53,6.746411483253588,8.333333333333341
572,54.0,53,call,SCHW,52.25,2023-01-16 05:30,2023-05-12,3.0675,39,1.75,54,3.349282296650718,57,5.8708133971291865,10.476190476190478
573,55.0,52,call,SCHW,52.25,2023-01-16 05:30,2023-05-12,2.5875,39,2.75,46,5.2631578947368425,61,4.952153110047847,9.433962264150944
574,56.0,51,call,SCHW,52.25,2023-01-16 05:30,2023-05-12,2.2125,39,3.75,39,7.177033492822966,65,4.23444976076555,11.842105263157896
575,57.0,50,call,SCHW,52.25,2023-01-16 05:30,2023-05-12,1.8525,39,4.75,33,9.090909090909092,70,3.5454545454545454,14.0625
576,58.0,51,call,SCHW,52.25,2023-01-16 05:30,2023-05-12,1.55,39,5.75,27,11.004784688995215,73,2.9665071770334928,14.906832298136646
577,59.0,52,call,SCHW,52.25,2023-01-16 05:30,2023-05-12,1.325,39,6.75,23,12.91866028708134,76,2.535885167464115,18.705035971223023
578,60.0,51,call,SCHW,52.25,2023-01-16 05:30,2023-05-12,1.0875,39,7.75,19,14.832535885167465,79,2.08133971291866,18.421052631578938
579,61.0,49,call,SCHW,52.25,2023-01-16 05:30,2023-05-12,0.8625,39,8.75,15,16.74641148325359,82,1.6507177033492824,16.666666666666668
580,62.0,49,call,SCHW,52.25,2023-01-16 05:30,2023-05-12,0.705,39,9.75,12,18.660287081339714,85,1.3492822966507176,18.918918918918923
581,63.0,50,call,SCHW,52.25,2023-01-16 05:30,2023-05-12,0.625,39,10.75,11,20.574162679425836,86,1.1961722488038278,26.86567164179105
582,64.0,50,call,SCHW,52.25,2023-01-16 05:30,2023-05-12,0.49250000000000005,39,11.75,8,22.48803827751196,89,0.9425837320574164,28.301886792452834
583,65.0,48,call,SCHW,52.25,2023-01-16 05:30,2023-05-12,0.38,39,12.75,6,24.401913875598087,91,0.7272727272727273,20.000000000000004
584,75.0,52,call,SCHW,52.25,2023-01-16 05:30,2023-05-12,0.10500000000000001,39,22.75,1,43.54066985645933,98,0.20095693779904308,76.92307692307692
585,22.5,158,call,SCHW,52.25,2023-01-16 05:30,2023-05-19,30.075,46,-29.75,455,-56.9377990430622,6,57.55980861244019,4.926108374384237
586,25.0,137,call,SCHW,52.25,2023-01-16 05:30,2023-05-19,27.549999999999997,46,-27.25,417,-52.15311004784689,6,52.72727272727272,5.0179211469534
587,30.0,113,call,SCHW,52.25,2023-01-16 05:30,2023-05-19,22.6625,46,-22.25,343,-42.58373205741627,8,43.3732057416268,5.869565217391311
588,32.5,60,call,SCHW,52.25,2023-01-16 05:30,2023-05-19,20.262500000000003,46,-19.75,307,-37.79904306220096,1,38.7799043062201,6.553398058252434
589,35.0,69,call,SCHW,52.25,2023-01-16 05:30,2023-05-19,18.0125,46,-17.25,273,-33.014354066985646,5,34.473684210526315,8.423913043478246
590,37.5,77,call,SCHW,52.25,2023-01-16 05:30,2023-05-19,15.725,46,-14.75,238,-28.229665071770334,11,30.095693779904305,4.402515723270447
591,40.0,60,call,SCHW,52.25,2023-01-16 05:30,2023-05-19,13.2,46,-12.25,200,-23.444976076555022,10,25.263157894736842,8.888888888888884
592,42.5,60,call,SCHW,52.25,2023-01-16 05:30,2023-05-19,11.0625,46,-9.75,167,-18.660287081339714,16,21.172248803827753,10.132158590308373
593,45.0,63,call,SCHW,52.25,2023-01-16 05:30,2023-05-19,9.112499999999999,46,-7.25,138,-13.875598086124402,25,17.440191387559807,3.804347826086953
594,47.5,59,call,SCHW,52.25,2023-01-16 05:30,2023-05-19,7.1875,46,-4.75,108,-9.090909090909092,32,13.75598086124402,3.4482758620689653
595,50.0,56,call,SCHW,52.25,2023-01-16 05:30,2023-05-19,5.4625,46,-2.25,82,-4.30622009569378,41,10.454545454545455,2.7272727272727337
596,52.5,53,call,SCHW,52.25,2023-01-16 05:30,2023-05-19,3.975,46,0.25,60,0.4784688995215311,51,7.607655502392345,2.500000000000002
597,55.0,51,call,SCHW,52.25,2023-01-16 05:30,2023-05-19,2.77,46,2.75,41,5.2631578947368425,61,5.301435406698564,2.8673835125448055
598,57.5,49,call,SCHW,52.25,2023-01-16 05:30,2023-05-19,1.8475000000000001,46,5.25,28,10.047846889952153,70,3.535885167464115,4.812834224598934
599,60.0,48,call,SCHW,52.25,2023-01-16 05:30,2023-05-19,1.1875,46,7.75,17,14.832535885167465,78,2.272727272727273,4.1666666666666705
600,62.5,47,call,SCHW,52.25,2023-01-16 05:30,2023-05-19,0.7575000000000001,46,10.25,11,19.617224880382775,85,1.4497607655502391,11.538461538461547
601,65.0,47,call,SCHW,52.25,2023-01-16 05:30,2023-05-19,0.485,46,12.75,7,24.401913875598087,90,0.9282296650717703,12.0
602,67.5,48,call,SCHW,52.25,2023-01-16 05:30,2023-05-19,0.325,46,15.25,4,29.1866028708134,93,0.6220095693779905,17.64705882352941
603,70.0,49,call,SCHW,52.25,2023-01-16 05:30,2023-05-19,0.2125,46,17.75,3,33.97129186602871,95,0.40669856459330145,13.636363636363637
604,72.5,50,call,SCHW,52.25,2023-01-16 05:30,2023-05-19,0.1575,46,20.25,2,38.75598086124402,96,0.3014354066985646,29.411764705882362
605,75.0,50,call,SCHW,52.25,2023-01-16 05:30,2023-05-19,0.105,46,22.75,1,43.54066985645933,97,0.20095693779904306,18.181818181818187
606,77.5,51,call,SCHW,52.25,2023-01-16 05:30,2023-05-19,0.075,46,25.25,1,48.32535885167464,98,0.14354066985645933,25.000000000000004
607,80.0,52,call,SCHW,52.25,2023-01-16 05:30,2023-05-19,0.0625,46,27.75,0,53.110047846889955,98,0.11961722488038277,42.85714285714286
608,82.5,53,call,SCHW,52.25,2023-01-16 05:30,2023-05-19,0.045,46,30.25,0,57.89473684210526,99,0.0861244019138756,40.00000000000001
609,85.0,55,call,SCHW,52.25,2023-01-16 05:30,2023-05-19,0.035,46,32.75,0,62.67942583732057,99,0.06698564593301436,50.0
610,87.5,56,call,SCHW,52.25,2023-01-16 05:30,2023-05-19,0.0325,46,35.25,0,67.46411483253588,99,0.06220095693779904,75.0
611,90.0,57,call,SCHW,52.25,2023-01-16 05:30,2023-05-19,0.03,46,37.75,0,72.2488038277512,99,0.05741626794258373,100.0
612,95.0,62,call,SCHW,52.25,2023-01-16 05:30,2023-05-19,0.03,46,42.75,0,81.81818181818181,99,0.05741626794258373,100.0
613,22.5,132,call,SCHW,52.25,2023-01-16 05:30,2023-06-16,30.2375,74,-29.75,285,-56.9377990430622,7,57.87081339712919,4.738562091503277
614,25.0,75,call,SCHW,52.25,2023-01-16 05:30,2023-06-16,27.799999999999997,74,-27.25,262,-52.15311004784689,1,53.20574162679425,4.973357015985785
615,27.5,75,call,SCHW,52.25,2023-01-16 05:30,2023-06-16,25.3625,74,-24.75,239,-47.36842105263158,2,48.54066985645933,5.252918287937734
616,30.0,66,call,SCHW,52.25,2023-01-16 05:30,2023-06-16,22.8125,74,-22.25,215,-42.58373205741627,3,43.66028708133971,4.978354978354988
617,32.5,66,call,SCHW,52.25,2023-01-16 05:30,2023-06-16,20.4625,74,-19.75,192,-37.79904306220096,5,39.16267942583732,5.542168674698789
618,35.0,65,call,SCHW,52.25,2023-01-16 05:30,2023-06-16,18.1875,74,-17.25,171,-33.014354066985646,8,34.80861244019139,6.756756756756757
619,37.5,61,call,SCHW,52.25,2023-01-16 05:30,2023-06-16,15.862499999999999,74,-14.75,149,-28.229665071770334,11,30.358851674641148,7.120743034055719
620,40.0,59,call,SCHW,52.25,2023-01-16 05:30,2023-06-16,13.6875,74,-12.25,129,-23.444976076555022,16,26.196172248803826,7.5268817204301
621,42.5,56,call,SCHW,52.25,2023-01-16 05:30,2023-06-16,11.575,74,-9.75,109,-18.660287081339714,20,22.15311004784689,9.282700421940927
622,45.0,60,call,SCHW,52.25,2023-01-16 05:30,2023-06-16,9.8875,74,-7.25,93,-13.875598086124402,29,18.923444976076553,4.499999999999993
623,47.5,55,call,SCHW,52.25,2023-01-16 05:30,2023-06-16,7.925,74,-4.75,74,-9.090909090909092,35,15.167464114832535,3.749999999999998
624,50.0,53,call,SCHW,52.25,2023-01-16 05:30,2023-06-16,6.225,74,-2.25,58,-4.30622009569378,42,11.913875598086124,1.5999999999999943
625,52.5,50,call,SCHW,52.25,2023-01-16 05:30,2023-06-16,4.7125,74,0.25,44,0.4784688995215311,50,9.019138755980862,3.157894736842113
626,55.0,49,call,SCHW,52.25,2023-01-16 05:30,2023-06-16,3.5625,74,2.75,33,5.2631578947368425,59,6.818181818181818,4.166666666666664
627,57.5,47,call,SCHW,52.25,2023-01-16 05:30,2023-06-16,2.565,74,5.25,24,10.047846889952153,67,4.909090909090909,3.8610038610038475
628,60.0,45,call,SCHW,52.25,2023-01-16 05:30,2023-06-16,1.7875,74,7.75,16,14.832535885167465,74,3.4210526315789473,2.7777777777777803
629,62.5,45,call,SCHW,52.25,2023-01-16 05:30,2023-06-16,1.245,74,10.25,11,19.617224880382775,80,2.382775119617225,7.8740157480315025
630,65.0,44,call,SCHW,52.25,2023-01-16 05:30,2023-06-16,0.84,74,12.75,7,24.401913875598087,86,1.6076555023923444,4.705882352941168
631,67.5,44,call,SCHW,52.25,2023-01-16 05:30,2023-06-16,0.6025,74,15.25,5,29.1866028708134,89,1.1531100478468899,11.290322580645153
632,70.0,44,call,SCHW,52.25,2023-01-16 05:30,2023-06-16,0.4125,74,17.75,3,33.97129186602871,92,0.7894736842105263,7.142857142857137
633,72.5,45,call,SCHW,52.25,2023-01-16 05:30,2023-06-16,0.2925,74,20.25,2,38.75598086124402,94,0.5598086124401914,9.999999999999991
634,75.0,45,call,SCHW,52.25,2023-01-16 05:30,2023-06-16,0.215,74,22.75,2,43.54066985645933,96,0.41148325358851673,9.090909090909086
635,77.5,46,call,SCHW,52.25,2023-01-16 05:30,2023-06-16,0.16,74,25.25,1,48.32535885167464,96,0.3062200956937799,23.529411764705888
636,80.0,47,call,SCHW,52.25,2023-01-16 05:30,2023-06-16,0.125,74,27.75,1,53.110047846889955,97,0.23923444976076555,15.384615384615387
637,82.5,49,call,SCHW,52.25,2023-01-16 05:30,2023-06-16,0.1,74,30.25,0,57.89473684210526,98,0.19138755980861244,36.36363636363636
638,85.0,50,call,SCHW,52.25,2023-01-16 05:30,2023-06-16,0.08249999999999999,74,32.75,0,62.67942583732057,98,0.15789473684210523,33.333333333333336
639,87.5,51,call,SCHW,52.25,2023-01-16 05:30,2023-06-16,0.0675,74,35.25,0,67.46411483253588,98,0.1291866028708134,62.5
640,90.0,50,call,SCHW,52.25,2023-01-16 05:30,2023-06-16,0.05750000000000001,74,37.75,0,72.2488038277512,99,0.11004784688995217,71.42857142857142
641,92.5,51,call,SCHW,52.25,2023-01-16 05:30,2023-06-16,0.049999999999999996,74,40.25,0,77.03349282296651,99,0.09569377990430622,66.66666666666666
642,95.0,53,call,SCHW,52.25,2023-01-16 05:30,2023-06-16,0.045,74,42.75,0,81.81818181818181,99,0.0861244019138756,40.00000000000001
643,100.0,53,call,SCHW,52.25,2023-01-16 05:30,2023-06-16,0.03,74,47.75,0,91.38755980861244,99,0.05741626794258373,100.0
644,105.0,58,call,SCHW,52.25,2023-01-16 05:30,2023-06-16,0.0325,74,52.75,0,100.95693779904306,99,0.06220095693779904,75.0
645,110.0,62,call,SCHW,52.25,2023-01-16 05:30,2023-06-16,0.045,74,57.75,0,110.52631578947368,99,0.0861244019138756,100.0
646,115.0,63,call,SCHW,52.25,2023-01-16 05:30,2023-06-16,0.03,74,62.75,0,120.09569377990431,99,0.05741626794258373,100.0
647,120.0,66,call,SCHW,52.25,2023-01-16 05:30,2023-06-16,0.03,74,67.75,0,129.66507177033492,99,0.05741626794258373,100.0
648,27.5,78,call,SCHW,52.25,2023-01-16 05:30,2023-07-21,25.725,109,-24.75,164,-47.36842105263158,6,49.23444976076555,5.747126436781609
649,40.0,63,call,SCHW,52.25,2023-01-16 05:30,2023-07-21,14.4625,109,-12.25,92,-23.444976076555022,22,27.679425837320576,2.4054982817869512
650,45.0,58,call,SCHW,52.25,2023-01-16 05:30,2023-07-21,10.7125,109,-7.25,68,-13.875598086124402,32,20.502392344497608,5.069124423963124
651,47.5,55,call,SCHW,52.25,2023-01-16 05:30,2023-07-21,8.8,109,-4.75,56,-9.090909090909092,37,16.842105263157897,2.2598870056497096
652,50.0,52,call,SCHW,52.25,2023-01-16 05:30,2023-07-21,7.1875,109,-2.25,46,-4.30622009569378,43,13.75598086124402,3.4482758620689653
653,52.5,50,call,SCHW,52.25,2023-01-16 05:30,2023-07-21,5.75,109,0.25,36,0.4784688995215311,50,11.004784688995215,3.448275862068969
654,55.0,48,call,SCHW,52.25,2023-01-16 05:30,2023-07-21,4.475,109,2.75,28,5.2631578947368425,57,8.564593301435405,2.2222222222222143
655,57.5,47,call,SCHW,52.25,2023-01-16 05:30,2023-07-21,3.4625,109,5.25,22,10.047846889952153,64,6.626794258373206,4.285714285714283
656,60.0,45,call,SCHW,52.25,2023-01-16 05:30,2023-07-21,2.58,109,7.75,16,14.832535885167465,70,4.937799043062201,3.0769230769230798
657,62.5,44,call,SCHW,52.25,2023-01-16 05:30,2023-07-21,1.925,109,10.25,12,19.617224880382775,76,3.6842105263157894,7.142857142857138
658,65.0,45,call,SCHW,52.25,2023-01-16 05:30,2023-07-21,1.5150000000000001,109,12.75,9,24.401913875598087,80,2.8995215311004783,16.455696202531644
659,70.0,43,call,SCHW,52.25,2023-01-16 05:30,2023-07-21,0.7525,109,17.75,4,33.97129186602871,89,1.4401913875598087,9.090909090909099
660,75.0,43,call,SCHW,52.25,2023-01-16 05:30,2023-07-21,0.415,109,22.75,2,43.54066985645933,93,0.7942583732057417,13.953488372093023
661,80.0,44,call,SCHW,52.25,2023-01-16 05:30,2023-07-21,0.255,109,27.75,1,53.110047846889955,95,0.4880382775119617,35.71428571428572
662,40.0,60,call,SCHW,52.25,2023-01-16 05:30,2023-08-18,14.7875,137,-12.25,75,-23.444976076555022,23,28.301435406698566,3.0201342281879264
663,42.5,59,call,SCHW,52.25,2023-01-16 05:30,2023-08-18,13.0125,137,-9.75,66,-18.660287081339714,28,24.904306220095695,4.182509505703427
664,45.0,55,call,SCHW,52.25,2023-01-16 05:30,2023-08-18,11.0125,137,-7.25,56,-13.875598086124402,33,21.076555023923444,3.1531531531531503
665,47.5,53,call,SCHW,52.25,2023-01-16 05:30,2023-08-18,9.362499999999999,137,-4.75,47,-9.090909090909092,38,17.918660287081337,3.7037037037037
666,50.0,51,call,SCHW,52.25,2023-01-16 05:30,2023-08-18,7.8,137,-2.25,39,-4.30622009569378,44,14.92822966507177,2.5477707006369337
667,52.5,50,call,SCHW,52.25,2023-01-16 05:30,2023-08-18,6.3625,137,0.25,32,0.4784688995215311,50,12.177033492822966,5.426356589147296
668,55.0,48,call,SCHW,52.25,2023-01-16 05:30,2023-08-18,5.15,137,2.75,26,5.2631578947368425,56,9.85645933014354,3.8461538461538494
669,57.5,47,call,SCHW,52.25,2023-01-16 05:30,2023-08-18,4.0625,137,5.25,20,10.047846889952153,62,7.77511961722488,3.658536585365841
670,60.0,46,call,SCHW,52.25,2023-01-16 05:30,2023-08-18,3.1875,137,7.75,16,14.832535885167465,68,6.100478468899522,7.6923076923076925
671,62.5,45,call,SCHW,52.25,2023-01-16 05:30,2023-08-18,2.4675000000000002,137,10.25,12,19.617224880382775,74,4.722488038277512,8.333333333333332
672,65.0,44,call,SCHW,52.25,2023-01-16 05:30,2023-08-18,1.8575,137,12.75,9,24.401913875598087,79,3.555023923444976,8.947368421052628
673,70.0,42,call,SCHW,52.25,2023-01-16 05:30,2023-08-18,1.07,137,17.75,5,33.97129186602871,86,2.047846889952153,10.909090909090917
674,75.0,43,call,SCHW,52.25,2023-01-16 05:30,2023-08-18,0.635,137,22.75,3,43.54066985645933,91,1.215311004784689,20.895522388059703
675,80.0,43,call,SCHW,52.25,2023-01-16 05:30,2023-08-18,0.3725,137,27.75,1,53.110047846889955,94,0.7129186602870813,27.500000000000007
676,22.5,84,call,SCHW,52.25,2023-01-16 05:30,2023-09-15,30.725,165,-29.75,130,-56.9377990430622,6,58.803827751196174,3.548387096774198
677,25.0,74,call,SCHW,52.25,2023-01-16 05:30,2023-09-15,28.325,165,-27.25,119,-52.15311004784689,7,54.21052631578947,5.2264808362369335
678,30.0,70,call,SCHW,52.25,2023-01-16 05:30,2023-09-15,23.6375,165,-22.25,100,-42.58373205741627,12,45.239234449760765,2.731092436974799
679,32.5,68,call,SCHW,52.25,2023-01-16 05:30,2023-09-15,21.525,165,-19.75,91,-37.79904306220096,15,41.196172248803826,3.2258064516129
680,35.0,64,call,SCHW,52.25,2023-01-16 05:30,2023-09-15,19.275,165,-17.25,81,-33.014354066985646,17,36.889952153110045,2.577319587628866
681,37.5,62,call,SCHW,52.25,2023-01-16 05:30,2023-09-15,17.2,165,-14.75,72,-28.229665071770334,21,32.91866028708134,2.3121387283237116
682,40.0,58,call,SCHW,52.25,2023-01-16 05:30,2023-09-15,15.175,165,-12.25,64,-23.444976076555022,25,29.04306220095694,3.2679738562091503
683,42.5,57,call,SCHW,52.25,2023-01-16 05:30,2023-09-15,13.325,165,-9.75,56,-18.660287081339714,29,25.502392344497608,3.717472118959108
684,45.0,54,call,SCHW,52.25,2023-01-16 05:30,2023-09-15,11.4875,165,-7.25,48,-13.875598086124402,34,21.985645933014354,3.87931034482758
685,47.5,53,call,SCHW,52.25,2023-01-16 05:30,2023-09-15,9.9,165,-4.75,41,-9.090909090909092,39,18.94736842105263,4.0000000000000036
686,50.0,50,call,SCHW,52.25,2023-01-16 05:30,2023-09-15,8.275,165,-2.25,35,-4.30622009569378,44,15.83732057416268,3.5928143712574725
687,52.5,49,call,SCHW,52.25,2023-01-16 05:30,2023-09-15,6.8875,165,0.25,29,0.4784688995215311,50,13.181818181818182,3.597122302158273
688,55.0,49,call,SCHW,52.25,2023-01-16 05:30,2023-09-15,5.762499999999999,165,2.75,24,5.2631578947368425,56,11.02870813397129,5.982905982905978
689,57.5,46,call,SCHW,52.25,2023-01-16 05:30,2023-09-15,4.55,165,5.25,19,10.047846889952153,61,8.708133971291867,4.347826086956506
690,60.0,46,call,SCHW,52.25,2023-01-16 05:30,2023-09-15,3.75,165,7.75,15,14.832535885167465,67,7.177033492822966,5.2631578947368345
691,62.5,44,call,SCHW,52.25,2023-01-16 05:30,2023-09-15,2.8674999999999997,165,10.25,12,19.617224880382775,72,5.488038277511961,7.191780821917807
692,65.0,44,call,SCHW,52.25,2023-01-16 05:30,2023-09-15,2.325,165,12.75,9,24.401913875598087,76,4.44976076555024,10.878661087866117
693,67.5,42,call,SCHW,52.25,2023-01-16 05:30,2023-09-15,1.7725,165,15.25,7,29.1866028708134,81,3.3923444976076556,6.111111111111117
694,70.0,42,call,SCHW,52.25,2023-01-16 05:30,2023-09-15,1.385,165,17.75,5,33.97129186602871,84,2.650717703349282,12.587412587412583
695,72.5,42,call,SCHW,52.25,2023-01-16 05:30,2023-09-15,1.07,165,20.25,4,38.75598086124402,87,2.047846889952153,17.85714285714286
696,75.0,41,call,SCHW,52.25,2023-01-16 05:30,2023-09-15,0.8275,165,22.75,3,43.54066985645933,89,1.5837320574162679,15.116279069767442
697,77.5,41,call,SCHW,52.25,2023-01-16 05:30,2023-09-15,0.65,165,25.25,2,48.32535885167464,91,1.244019138755981,17.64705882352941
698,80.0,41,call,SCHW,52.25,2023-01-16 05:30,2023-09-15,0.5125000000000001,165,27.75,2,53.110047846889955,93,0.9808612440191389,20.370370370370377
699,82.5,42,call,SCHW,52.25,2023-01-16 05:30,2023-09-15,0.41500000000000004,165,30.25,1,57.89473684210526,94,0.7942583732057417,22.727272727272723
700,85.0,42,call,SCHW,52.25,2023-01-16 05:30,2023-09-15,0.33499999999999996,165,32.75,1,62.67942583732057,95,0.6411483253588517,27.777777777777775
701,87.5,42,call,SCHW,52.25,2023-01-16 05:30,2023-09-15,0.27249999999999996,165,35.25,1,67.46411483253588,96,0.5215311004784688,36.666666666666664
702,90.0,43,call,SCHW,52.25,2023-01-16 05:30,2023-09-15,0.23249999999999998,165,37.75,0,72.2488038277512,96,0.4449760765550239,28.000000000000004
703,95.0,46,call,SCHW,52.25,2023-01-16 05:30,2023-09-15,0.205,165,42.75,0,81.81818181818181,97,0.3923444976076555,58.33333333333333
704,100.0,45,call,SCHW,52.25,2023-01-16 05:30,2023-09-15,0.10250000000000001,165,47.75,0,91.38755980861244,98,0.19617224880382775,84.61538461538461
705,105.0,47,call,SCHW,52.25,2023-01-16 05:30,2023-09-15,0.1,165,52.75,0,100.95693779904306,98,0.19138755980861244,92.30769230769232
706,110.0,49,call,SCHW,52.25,2023-01-16 05:30,2023-09-15,0.0825,165,57.75,0,110.52631578947368,98,0.15789473684210525,100.0
707,115.0,50,call,SCHW,52.25,2023-01-16 05:30,2023-09-15,0.07500000000000001,165,62.75,0,120.09569377990431,98,0.14354066985645936,100.0
708,120.0,52,call,SCHW,52.25,2023-01-16 05:30,2023-09-15,0.0675,165,67.75,0,129.66507177033492,99,0.1291866028708134,100.0
709,125.0,62,call,SCHW,52.25,2023-01-16 05:30,2023-09-15,0.34500000000000003,165,72.75,1,139.23444976076556,98,0.6602870813397129,100.0
710,22.5,75,call,SCHW,52.25,2023-01-16 05:30,2024-01-19,31.4375,291,-29.75,75,-56.9377990430622,10,60.16746411483253,5.18053375196233
711,25.0,70,call,SCHW,52.25,2023-01-16 05:30,2024-01-19,28.924999999999997,291,-27.25,69,-52.15311004784689,12,55.35885167464114,3.0874785591766676
712,27.5,68,call,SCHW,52.25,2023-01-16 05:30,2024-01-19,26.9,291,-24.75,64,-47.36842105263158,14,51.483253588516746,4.411764705882351
713,30.0,64,call,SCHW,52.25,2023-01-16 05:30,2024-01-19,24.4875,291,-22.25,58,-42.58373205741627,16,46.866028708133975,1.8292682926829382
714,32.5,63,call,SCHW,52.25,2023-01-16 05:30,2024-01-19,22.625,291,-19.75,54,-37.79904306220096,20,43.301435406698566,3.070175438596488
715,35.0,61,call,SCHW,52.25,2023-01-16 05:30,2024-01-19,20.775,291,-17.25,49,-33.014354066985646,23,39.760765550239235,4.285714285714279
716,37.5,58,call,SCHW,52.25,2023-01-16 05:30,2024-01-19,18.65,291,-14.75,44,-28.229665071770334,26,35.69377990430622,3.191489361702135
717,40.0,56,call,SCHW,52.25,2023-01-16 05:30,2024-01-19,16.825,291,-12.25,40,-23.444976076555022,29,32.20095693779904,2.9498525073746316
718,42.5,54,call,SCHW,52.25,2023-01-16 05:30,2024-01-19,15.0625,291,-9.75,36,-18.660287081339714,33,28.827751196172247,3.618421052631572
719,45.0,53,call,SCHW,52.25,2023-01-16 05:30,2024-01-19,13.475,291,-7.25,32,-13.875598086124402,37,25.789473684210527,3.6764705882352944
720,47.5,52,call,SCHW,52.25,2023-01-16 05:30,2024-01-19,11.9375,291,-4.75,28,-9.090909090909092,41,22.84688995215311,3.7344398340249048
721,50.0,50,call,SCHW,52.25,2023-01-16 05:30,2024-01-19,10.25,291,-2.25,24,-4.30622009569378,46,19.617224880382775,3.8647342995169116
722,52.5,48,call,SCHW,52.25,2023-01-16 05:30,2024-01-19,8.925,291,0.25,21,0.4784688995215311,50,17.081339712918663,3.333333333333341
723,55.0,47,call,SCHW,52.25,2023-01-16 05:30,2024-01-19,7.7749999999999995,291,2.75,18,5.2631578947368425,54,14.880382775119617,3.821656050955412
724,57.5,47,call,SCHW,52.25,2023-01-16 05:30,2024-01-19,6.7875000000000005,291,5.25,16,10.047846889952153,58,12.990430622009569,6.521739130434784
725,60.0,46,call,SCHW,52.25,2023-01-16 05:30,2024-01-19,5.825,291,7.75,13,14.832535885167465,63,11.148325358851675,8.403361344537815
726,62.5,44,call,SCHW,52.25,2023-01-16 05:30,2024-01-19,4.85,291,10.25,11,19.617224880382775,67,9.282296650717702,8.080808080808088
727,65.0,43,call,SCHW,52.25,2023-01-16 05:30,2024-01-19,4.050000000000001,291,12.75,9,24.401913875598087,71,7.751196172248805,9.638554216867478
728,67.5,42,call,SCHW,52.25,2023-01-16 05:30,2024-01-19,3.3625,291,15.25,8,29.1866028708134,74,6.435406698564593,4.411764705882351
729,70.0,42,call,SCHW,52.25,2023-01-16 05:30,2024-01-19,2.8525,291,17.75,6,33.97129186602871,77,5.45933014354067,9.246575342465754
730,72.5,41,call,SCHW,52.25,2023-01-16 05:30,2024-01-19,2.335,291,20.25,5,38.75598086124402,81,4.4688995215311005,7.563025210084022
731,75.0,41,call,SCHW,52.25,2023-01-16 05:30,2024-01-19,2.03,291,22.75,4,43.54066985645933,83,3.885167464114832,11.483253588516737
732,77.5,42,call,SCHW,52.25,2023-01-16 05:30,2024-01-19,1.7525,291,25.25,4,48.32535885167464,85,3.354066985645933,14.835164835164834
733,80.0,40,call,SCHW,52.25,2023-01-16 05:30,2024-01-19,1.3824999999999998,291,27.75,3,53.110047846889955,87,2.6459330143540662,4.9999999999999885
734,82.5,41,call,SCHW,52.25,2023-01-16 05:30,2024-01-19,1.2275,291,30.25,2,57.89473684210526,89,2.349282296650718,13.385826771653537
735,85.0,40,call,SCHW,52.25,2023-01-16 05:30,2024-01-19,1.0125,291,32.75,2,62.67942583732057,90,1.937799043062201,10.576923076923075
736,87.5,40,call,SCHW,52.25,2023-01-16 05:30,2024-01-19,0.865,291,35.25,2,67.46411483253588,92,1.6555023923444976,11.235955056179773
737,90.0,40,call,SCHW,52.25,2023-01-16 05:30,2024-01-19,0.745,291,37.75,1,72.2488038277512,93,1.4258373205741626,12.987012987012985
738,92.5,41,call,SCHW,52.25,2023-01-16 05:30,2024-01-19,0.6425000000000001,291,40.25,1,77.03349282296651,93,1.229665071770335,16.41791044776119
739,95.0,40,call,SCHW,52.25,2023-01-16 05:30,2024-01-19,0.4925,291,42.75,1,81.81818181818181,95,0.9425837320574163,6.000000000000005
740,97.5,41,call,SCHW,52.25,2023-01-16 05:30,2024-01-19,0.48,291,45.25,1,86.60287081339713,95,0.9186602870813397,23.52941176470588
741,100.0,41,call,SCHW,52.25,2023-01-16 05:30,2024-01-19,0.42,291,47.75,1,91.38755980861244,95,0.8038277511961722,18.181818181818187
742,105.0,45,call,SCHW,52.25,2023-01-16 05:30,2024-01-19,0.435,291,52.75,1,100.95693779904306,95,0.8325358851674641,65.38461538461539
743,110.0,44,call,SCHW,52.25,2023-01-16 05:30,2024-01-19,0.29,291,57.75,0,110.52631578947368,97,0.555023923444976,68.57142857142857
744,115.0,46,call,SCHW,52.25,2023-01-16 05:30,2024-01-19,0.3125,291,62.75,0,120.09569377990431,97,0.5980861244019139,71.05263157894737
745,120.0,43,call,SCHW,52.25,2023-01-16 05:30,2024-01-19,0.155,291,67.75,0,129.66507177033492,98,0.2966507177033493,55.55555555555556
746,125.0,48,call,SCHW,52.25,2023-01-16 05:30,2024-01-19,0.2375,291,72.75,0,139.23444976076556,97,0.45454545454545453,83.33333333333334
747,130.0,48,call,SCHW,52.25,2023-01-16 05:30,2024-01-19,0.185,291,77.75,0,148.80382775119617,98,0.35406698564593303,91.66666666666667
748,135.0,50,call,SCHW,52.25,2023-01-16 05:30,2024-01-19,0.17500000000000002,291,82.75,0,158.3732057416268,98,0.3349282296650718,95.65217391304347
749,140.0,49,call,SCHW,52.25,2023-01-16 05:30,2024-01-19,0.1325,291,87.75,0,167.94258373205741,98,0.2535885167464115,88.23529411764706
750,22.5,71,call,SCHW,52.25,2023-01-16 05:30,2024-03-15,31.599999999999998,347,-29.75,63,-56.9377990430622,11,60.47846889952153,5.616224648985951
751,25.0,67,call,SCHW,52.25,2023-01-16 05:30,2024-03-15,29.25,347,-27.25,58,-52.15311004784689,13,55.98086124401914,4.729729729729737
752,30.0,64,call,SCHW,52.25,2023-01-16 05:30,2024-03-15,25.225,347,-22.25,50,-42.58373205741627,18,48.27751196172249,5.0880626223092
753,32.5,61,call,SCHW,52.25,2023-01-16 05:30,2024-03-15,23.1,347,-19.75,46,-37.79904306220096,21,44.21052631578947,4.282655246252676
754,35.0,59,call,SCHW,52.25,2023-01-16 05:30,2024-03-15,21.137500000000003,347,-17.25,42,-33.014354066985646,24,40.45454545454546,3.981264637002348
755,37.5,57,call,SCHW,52.25,2023-01-16 05:30,2024-03-15,19.25,347,-14.75,38,-28.229665071770334,27,36.8421052631579,4.113110539845763
756,40.0,55,call,SCHW,52.25,2023-01-16 05:30,2024-03-15,17.45,347,-12.25,35,-23.444976076555022,31,33.39712918660287,4.532577903682704
757,42.5,53,call,SCHW,52.25,2023-01-16 05:30,2024-03-15,15.837499999999999,347,-9.75,31,-18.660287081339714,34,30.31100478468899,7.739938080495346
758,45.0,51,call,SCHW,52.25,2023-01-16 05:30,2024-03-15,14.025,347,-7.25,28,-13.875598086124402,38,26.842105263157894,6.315789473684212
759,47.5,50,call,SCHW,52.25,2023-01-16 05:30,2024-03-15,12.575,347,-4.75,25,-9.090909090909092,42,24.066985645933013,5.490196078431367
760,50.0,49,call,SCHW,52.25,2023-01-16 05:30,2024-03-15,11.0125,347,-2.25,22,-4.30622009569378,46,21.076555023923444,3.1531531531531503
761,52.5,49,call,SCHW,52.25,2023-01-16 05:30,2024-03-15,9.85,347,0.25,19,0.4784688995215311,50,18.851674641148325,5.9999999999999964
762,55.0,48,call,SCHW,52.25,2023-01-16 05:30,2024-03-15,8.575,347,2.75,17,5.2631578947368425,54,16.411483253588514,5.74712643678161
763,57.5,46,call,SCHW,52.25,2023-01-16 05:30,2024-03-15,7.4624999999999995,347,5.25,15,10.047846889952153,58,14.282296650717702,7.236842105263157
764,60.0,46,call,SCHW,52.25,2023-01-16 05:30,2024-03-15,6.5125,347,7.75,13,14.832535885167465,62,12.464114832535886,8.270676691729333
765,62.5,44,call,SCHW,52.25,2023-01-16 05:30,2024-03-15,5.5249999999999995,347,10.25,11,19.617224880382775,66,10.574162679425838,5.357142857142854
766,65.0,44,call,SCHW,52.25,2023-01-16 05:30,2024-03-15,4.75,347,12.75,9,24.401913875598087,69,9.090909090909092,12.244897959183684
767,67.5,43,call,SCHW,52.25,2023-01-16 05:30,2024-03-15,4.15,347,15.25,8,29.1866028708134,72,7.942583732057417,13.953488372093016
768,70.0,42,call,SCHW,52.25,2023-01-16 05:30,2024-03-15,3.3875,347,17.75,6,33.97129186602871,76,6.483253588516747,12.857142857142861
769,72.5,42,call,SCHW,52.25,2023-01-16 05:30,2024-03-15,2.9575,347,20.25,5,38.75598086124402,78,5.660287081339713,12.131147540983596
770,75.0,41,call,SCHW,52.25,2023-01-16 05:30,2024-03-15,2.4575,347,22.75,4,43.54066985645933,81,4.70334928229665,14.509803921568615
771,77.5,41,call,SCHW,52.25,2023-01-16 05:30,2024-03-15,2.1425,347,25.25,4,48.32535885167464,83,4.100478468899522,22.46696035242291
772,80.0,40,call,SCHW,52.25,2023-01-16 05:30,2024-03-15,1.825,347,27.75,3,53.110047846889955,85,3.492822966507177,13.756613756613758
773,82.5,40,call,SCHW,52.25,2023-01-16 05:30,2024-03-15,1.55,347,30.25,3,57.89473684210526,87,2.9665071770334928,14.906832298136646
774,85.0,40,call,SCHW,52.25,2023-01-16 05:30,2024-03-15,1.345,347,32.75,2,62.67942583732057,89,2.574162679425837,18.43971631205674
775,90.0,40,call,SCHW,52.25,2023-01-16 05:30,2024-03-15,0.995,347,37.75,2,72.2488038277512,91,1.9043062200956937,20.95238095238096
776,95.0,40,call,SCHW,52.25,2023-01-16 05:30,2024-03-15,0.7575000000000001,347,42.75,1,81.81818181818181,93,1.4497607655502391,25.925925925925934
777,100.0,40,call,SCHW,52.25,2023-01-16 05:30,2024-03-15,0.5800000000000001,347,47.75,1,91.38755980861244,94,1.1100478468899524,31.746031746031747
778,110.0,44,call,SCHW,52.25,2023-01-16 05:30,2024-03-15,0.43499999999999994,347,57.75,0,110.52631578947368,95,0.832535885167464,100.0
779,115.0,44,call,SCHW,52.25,2023-01-16 05:30,2024-03-15,0.3675,347,62.75,0,120.09569377990431,96,0.7033492822966507,100.0
780,22.5,67,call,SCHW,52.25,2023-01-16 05:30,2024-06-21,31.9375,445,-29.75,50,-56.9377990430622,13,61.1244019138756,5.7098765432098695
781,25.0,63,call,SCHW,52.25,2023-01-16 05:30,2024-06-21,29.575,445,-27.25,46,-52.15311004784689,14,56.60287081339713,5.008347245409015
782,27.5,63,call,SCHW,52.25,2023-01-16 05:30,2024-06-21,27.7625,445,-24.75,43,-47.36842105263158,17,53.133971291866025,6.205673758865248
783,30.0,59,call,SCHW,52.25,2023-01-16 05:30,2024-06-21,25.6125,445,-22.25,40,-42.58373205741627,20,49.01913875598086,5.9615384615384635
784,32.5,57,call,SCHW,52.25,2023-01-16 05:30,2024-06-21,23.5125,445,-19.75,36,-37.79904306220096,22,45.0,4.831932773109252
785,35.0,56,call,SCHW,52.25,2023-01-16 05:30,2024-06-21,21.7375,445,-17.25,34,-33.014354066985646,25,41.60287081339713,5.668934240362812
786,37.5,54,call,SCHW,52.25,2023-01-16 05:30,2024-06-21,19.9,445,-14.75,31,-28.229665071770334,29,38.08612440191387,5.940594059405937
787,40.0,53,call,SCHW,52.25,2023-01-16 05:30,2024-06-21,18.1875,445,-12.25,28,-23.444976076555022,32,34.80861244019139,5.69105691056911
788,42.5,52,call,SCHW,52.25,2023-01-16 05:30,2024-06-21,16.762500000000003,445,-9.75,26,-18.660287081339714,36,32.08133971291866,7.894736842105271
789,45.0,50,call,SCHW,52.25,2023-01-16 05:30,2024-06-21,15.1125,445,-7.25,23,-13.875598086124402,39,28.923444976076556,6.18892508143322
790,47.5,52,call,SCHW,52.25,2023-01-16 05:30,2024-06-21,13.6375,445,-4.75,21,-9.090909090909092,43,26.10047846889952,7.553956834532379
791,50.0,50,call,SCHW,52.25,2023-01-16 05:30,2024-06-21,12.262500000000001,445,-2.25,19,-4.30622009569378,46,23.4688995215311,9.16334661354582
792,52.5,49,call,SCHW,52.25,2023-01-16 05:30,2024-06-21,10.9125,445,0.25,17,0.4784688995215311,50,20.885167464114833,8.520179372197319
793,55.0,48,call,SCHW,52.25,2023-01-16 05:30,2024-06-21,9.85,445,2.75,15,5.2631578947368425,53,18.851674641148325,5.9999999999999964
794,57.5,46,call,SCHW,52.25,2023-01-16 05:30,2024-06-21,8.725,445,5.25,13,10.047846889952153,57,16.698564593301434,5.649717514124294
795,60.0,46,call,SCHW,52.25,2023-01-16 05:30,2024-06-21,7.7625,445,7.75,12,14.832535885167465,60,14.85645933014354,6.962025316455705
796,62.5,46,call,SCHW,52.25,2023-01-16 05:30,2024-06-21,6.9375,445,10.25,10,19.617224880382775,63,13.277511961722489,14.58333333333333
797,65.0,45,call,SCHW,52.25,2023-01-16 05:30,2024-06-21,6.05,445,12.75,9,24.401913875598087,66,11.578947368421053,15.873015873015873
798,67.5,42,call,SCHW,52.25,2023-01-16 05:30,2024-06-21,5.0125,445,15.25,7,29.1866028708134,70,9.5933014354067,10.67961165048545
799,70.0,42,call,SCHW,52.25,2023-01-16 05:30,2024-06-21,4.425,445,17.75,6,33.97129186602871,73,8.4688995215311,15.21739130434782
800,72.5,42,call,SCHW,52.25,2023-01-16 05:30,2024-06-21,3.9499999999999997,445,20.25,6,38.75598086124402,75,7.559808612440191,9.876543209876543
801,75.0,40,call,SCHW,52.25,2023-01-16 05:30,2024-06-21,3.3375,445,22.75,5,43.54066985645933,78,6.3875598086124405,7.352941176470589
802,77.5,44,call,SCHW,52.25,2023-01-16 05:30,2024-06-21,3.4575,445,25.25,5,48.32535885167464,78,6.617224880382775,31.2
803,80.0,41,call,SCHW,52.25,2023-01-16 05:30,2024-06-21,2.7199999999999998,445,27.75,4,53.110047846889955,82,5.205741626794258,19.580419580419584
804,82.5,41,call,SCHW,52.25,2023-01-16 05:30,2024-06-21,2.37,445,30.25,3,57.89473684210526,84,4.535885167464115,20.8
805,85.0,40,call,SCHW,52.25,2023-01-16 05:30,2024-06-21,2.045,445,32.75,3,62.67942583732057,85,3.9138755980861246,21.296296296296305
806,87.5,40,call,SCHW,52.25,2023-01-16 05:30,2024-06-21,1.785,445,35.25,2,67.46411483253588,87,3.416267942583732,22.222222222222218
807,90.0,40,call,SCHW,52.25,2023-01-16 05:30,2024-06-21,1.5699999999999998,445,37.75,2,72.2488038277512,88,3.0047846889952146,21.6867469879518
808,95.0,40,call,SCHW,52.25,2023-01-16 05:30,2024-06-21,1.2325,445,42.75,1,81.81818181818181,91,2.3588516746411483,20.76923076923077
809,100.0,40,call,SCHW,52.25,2023-01-16 05:30,2024-06-21,0.9475,445,47.75,1,91.38755980861244,92,1.813397129186603,32.038834951456316
810,110.0,40,call,SCHW,52.25,2023-01-16 05:30,2024-06-21,0.5925,445,57.75,0,110.52631578947368,95,1.1339712918660287,35.38461538461539
811,115.0,40,call,SCHW,52.25,2023-01-16 05:30,2024-06-21,0.48250000000000004,445,62.75,0,120.09569377990431,96,0.9234449760765552,42.592592592592595
812,120.0,43,call,SCHW,52.25,2023-01-16 05:30,2024-06-21,0.53,445,67.75,0,129.66507177033492,95,1.014354066985646,68.75
